id,section,number,level,side,storage_unit_size_w,storage_unit_size_h,storage_unit_size_l,purpose,article_no,quantity_single,default_article_no,single_quantity_max,size
0,A,1,l0,LU,0.4,0.8,1.2,Normal,10818,62,10818,90,Quarter
1,A,1,l0,RU,0.4,0.8,1.2,Normal,10904,9,10904,70,Quarter
2,A,1,l0,LD,0.4,0.8,1.2,Normal,12141,405,12141,320,Quarter
3,A,1,l0,RD,0.4,0.8,1.2,Normal,10971,44,10971,80,Quarter
4,A,2,l0,LU,0.4,0.8,1.2,Normal,11062,8,11062,90,Quarter
5,A,2,l0,RU,0.4,0.8,1.2,Normal,11420,0,11420,70,Quarter
6,A,2,l0,LD,0.4,0.8,1.2,Normal,11328,0,11328,60,Quarter
7,A,2,l0,RD,0.4,0.8,1.2,Normal,11993,74,11993,50,Quarter
8,A,3,l0,LU,0.4,0.8,1.2,Normal,11418,40,11418,80,Quarter
9,A,3,l0,RU,0.4,0.8,1.2,Normal,11452,30,11452,50,Quarter
10,A,3,l0,LD,0.4,0.8,1.2,Normal,11454,17,11454,40,Quarter
11,A,3,l0,RD,0.4,0.8,1.2,Normal,11598,48,11598,60,Quarter
12,A,4,l0,LU,0.4,0.8,1.2,Normal,12060,0,12060,640,Quarter
13,A,4,l0,RU,0.4,0.8,1.2,Normal,12142,456,12142,320,Quarter
14,A,4,l0,LD,0.4,0.8,1.2,Normal,11903,100,11903,120,Quarter
15,A,4,l0,RD,0.4,0.8,1.2,Normal,11501,40,11501,40,Quarter
16,A,5,l0,LU,0.4,0.8,1.2,Normal,12177,351,12177,320,Quarter
17,A,5,l0,RU,0.4,0.8,1.2,Normal,11618,73,11618,120,Quarter
18,A,5,l0,LD,0.4,0.8,1.2,Normal,11619,101,11619,120,Quarter
19,A,5,l0,RD,0.4,0.8,1.2,Normal,11620,22,11620,24,Quarter
20,A,6,l0,LU,0.4,0.8,1.2,Normal,11631,100,11631,100,Quarter
21,A,6,l0,RU,0.4,0.8,1.2,Normal,11637,38,11637,50,Quarter
22,A,6,l0,LD,0.4,0.8,1.2,Normal,11264,100,11264,80,Quarter
23,A,6,l0,RD,0.4,0.8,1.2,Normal,11952,28,11952,80,Quarter
24,A,7,l0,LU,0.4,0.8,1.2,Normal,11653,148,11653,80,Quarter
25,A,7,l0,RU,0.4,0.8,1.2,Normal,11657,138,11657,120,Quarter
26,A,7,l0,LD,0.4,0.8,1.2,Normal,11659,20,11659,30,Quarter
27,A,7,l0,RD,0.4,0.8,1.2,Normal,11664,0,11664,20,Quarter
28,A,8,l0,LU,0.4,0.8,1.2,Normal,11669,47,11669,50,Quarter
29,A,8,l0,RU,0.4,0.8,1.2,Normal,11679,26,11679,80,Quarter
30,A,8,l0,LD,0.4,0.8,1.2,Normal,11681,10,11681,320,Quarter
31,A,8,l0,RD,0.4,0.8,1.2,Normal,11701,2,11701,24,Quarter
32,A,9,l0,LU,0.4,0.8,1.2,Normal,11967,8,11967,20,Quarter
33,A,9,l0,RU,0.4,0.8,1.2,Normal,11985,72,11985,120,Quarter
34,A,9,l0,LD,0.4,0.8,1.2,Normal,11722,107,11722,120,Quarter
35,A,9,l0,RD,0.4,0.8,1.2,Normal,11723,120,11723,120,Quarter
36,A,10,l0,LU,0.4,0.8,1.2,Normal,11725,81,11725,110,Quarter
37,A,10,l0,RU,0.4,0.8,1.2,Normal,11727,35,11727,110,Quarter
38,A,10,l0,LD,0.4,0.8,1.2,Normal,11728,59,11728,70,Quarter
39,A,10,l0,RD,0.4,0.8,1.2,Normal,12110,80,12110,80,Quarter
40,A,11,l0,LU,0.4,0.8,1.2,Normal,11986,76,11986,160,Quarter
41,A,11,l0,RU,0.4,0.8,1.2,Normal,11737,86,11737,160,Quarter
42,A,11,l0,LD,0.4,0.8,1.2,Normal,11739,29,11739,80,Quarter
43,A,11,l0,RD,0.4,0.8,1.2,Normal,11960,63,11960,80,Quarter
44,A,12,l0,LU,0.4,0.8,1.2,Normal,11992,90,11992,90,Quarter
45,A,12,l0,RU,0.4,0.8,1.2,Normal,12010,8,12010,60,Quarter
46,A,12,l0,LD,0.4,0.8,1.2,Normal,11748,20,11748,60,Quarter
47,A,12,l0,RD,0.4,0.8,1.2,Normal,11749,45,11749,40,Quarter
48,A,13,l0,LU,0.4,0.8,1.2,Normal,11753,51,11753,60,Quarter
49,A,13,l0,RU,0.4,0.8,1.2,Normal,11766,44,11766,80,Quarter
50,A,13,l0,LD,0.4,0.8,1.2,Normal,12087,60,12087,80,Quarter
51,A,13,l0,RD,0.4,0.8,1.2,Normal,11989,33,11989,60,Quarter
52,A,14,l0,LU,0.4,0.8,1.2,Normal,11968,20,11968,30,Quarter
53,A,14,l0,RU,0.4,0.8,1.2,Normal,12057,95,12057,80,Quarter
54,A,14,l0,LD,0.4,0.8,1.2,Normal,11987,40,11987,60,Quarter
55,A,14,l0,RD,0.4,0.8,1.2,Normal,11786,118,11786,120,Quarter
56,A,15,l0,LU,0.4,0.8,1.2,Normal,12075,120,12075,80,Quarter
57,A,15,l0,RU,0.4,0.8,1.2,Normal,11794,24,11794,40,Quarter
58,A,15,l0,LD,0.4,0.8,1.2,Normal,10716,290,10716,400,Quarter
59,A,15,l0,RD,0.4,0.8,1.2,Normal,11799,38,11799,30,Quarter
60,A,16,l0,LU,0.4,0.8,1.2,Normal,11802,28,11802,30,Quarter
61,A,16,l0,RU,0.4,0.8,1.2,Normal,11804,30,11804,18,Quarter
62,A,16,l0,LD,0.4,0.8,1.2,Normal,11805,24,11805,30,Quarter
63,A,16,l0,RD,0.4,0.8,1.2,Normal,11808,26,11808,30,Quarter
64,A,17,l0,LU,0.4,0.8,1.2,Normal,11810,12,11810,24,Quarter
65,A,17,l0,RU,0.4,0.8,1.2,Normal,11811,4,11811,18,Quarter
66,A,17,l0,LD,0.4,0.8,1.2,Normal,11818,30,11818,60,Quarter
67,A,17,l0,RD,0.4,0.8,1.2,Normal,11823,0,11823,120,Quarter
68,A,18,l0,LU,0.4,0.8,1.2,Normal,11829,30,11829,60,Quarter
69,A,18,l0,RU,0.4,0.8,1.2,Normal,11303,21,11303,24,Quarter
70,A,18,l0,LD,0.4,0.8,1.2,Normal,11988,32,11988,60,Quarter
71,A,18,l0,RD,0.4,0.8,1.2,Normal,11837,68,11837,80,Quarter
72,A,19,l0,LU,0.4,0.8,1.2,Normal,11838,51,11838,100,Quarter
73,A,19,l0,RU,0.4,0.8,1.2,Normal,12139,290,12139,400,Quarter
74,A,19,l0,LD,0.4,0.8,1.2,Normal,11502,40,11502,40,Quarter
75,A,19,l0,RD,0.4,0.8,1.2,Normal,11304,34,11304,24,Quarter
76,A,20,l0,LU,0.4,0.8,1.2,Normal,11305,30,11305,24,Quarter
77,A,20,l0,RU,0.4,0.8,1.2,Normal,11900,81,11900,60,Quarter
78,A,20,l0,LD,0.4,0.8,1.2,Normal,11901,64,11901,120,Quarter
79,A,20,l0,RD,0.4,0.8,1.2,Normal,11902,89,11902,90,Quarter
80,A,21,l0,LU,0.4,0.8,1.2,Normal,11904,82,11904,160,Quarter
81,A,21,l0,RU,0.4,0.8,1.2,Normal,11907,35,11907,80,Quarter
82,A,21,l0,LD,0.4,0.8,1.2,Normal,11908,371,11908,360,Quarter
83,A,21,l0,RD,0.4,0.8,1.2,Normal,11909,18,11909,60,Quarter
84,A,22,l0,LU,0.4,0.8,1.2,Normal,11910,38,11910,60,Quarter
85,A,22,l0,RU,0.4,0.8,1.2,Normal,11911,26,11911,60,Quarter
86,A,22,l0,LD,0.4,0.8,1.2,Normal,11912,27,11912,40,Quarter
87,A,22,l0,RD,0.4,0.8,1.2,Normal,11913,27,11913,40,Quarter
88,A,23,l0,LU,0.4,0.8,1.2,Normal,11914,29,11914,60,Quarter
89,A,23,l0,RU,0.4,0.8,1.2,Normal,11915,29,11915,50,Quarter
90,A,23,l0,LD,0.4,0.8,1.2,Normal,11916,30,11916,40,Quarter
91,A,23,l0,RD,0.4,0.8,1.2,Normal,11917,34,11917,35,Quarter
92,A,24,l0,LU,0.4,0.8,1.2,Normal,11918,15,11918,45,Quarter
93,A,24,l0,RU,0.4,0.8,1.2,Normal,11919,36,11919,45,Quarter
94,A,24,l0,LD,0.4,0.8,1.2,Normal,11920,35,11920,45,Quarter
95,A,24,l0,RD,0.4,0.8,1.2,Normal,11921,34,11921,45,Quarter
96,A,25,l0,LU,0.4,0.8,1.2,Normal,11922,38,11922,45,Quarter
97,A,25,l0,RU,0.4,0.8,1.2,Normal,11923,69,11923,40,Quarter
98,A,25,l0,LD,0.4,0.8,1.2,Normal,11924,16,11924,40,Quarter
99,A,25,l0,RD,0.4,0.8,1.2,Normal,11925,0,11925,120,Quarter
100,A,26,l0,LU,0.4,0.8,1.2,Normal,11926,40,11926,80,Quarter
101,A,26,l0,RU,0.4,0.8,1.2,Normal,11935,98,11935,80,Quarter
102,A,26,l0,LD,0.4,0.8,1.2,Normal,12140,290,12140,400,Quarter
103,A,26,l0,RD,0.4,0.8,1.2,Normal,11632,17,11632,60,Quarter
104,A,27,l0,LU,0.4,0.8,1.2,Normal,11957,40,11957,80,Quarter
105,A,27,l0,RU,0.4,0.8,1.2,Normal,11644,38,11644,80,Quarter
106,A,27,l0,LD,0.4,0.8,1.2,Normal,11943,226,11943,640,Quarter
107,A,27,l0,RD,0.4,0.8,1.2,Normal,11944,51,11944,80,Quarter
108,A,28,l0,LU,0.4,0.8,1.2,Normal,11946,74,11946,80,Quarter
109,A,28,l0,RU,0.4,0.8,1.2,Normal,11947,121,11947,80,Quarter
110,A,28,l0,LD,0.4,0.8,1.2,Normal,11948,30,11948,80,Quarter
111,A,28,l0,RD,0.4,0.8,1.2,Normal,11949,30,11949,80,Quarter
112,A,29,l0,LU,0.4,0.8,1.2,Normal,11950,97,11950,120,Quarter
113,A,29,l0,RU,0.4,0.8,1.2,Normal,11951,124,11951,80,Quarter
114,A,29,l0,LD,0.4,0.8,1.2,Normal,11953,46,11953,60,Quarter
115,A,29,l0,RD,0.4,0.8,1.2,Normal,11954,35,11954,80,Quarter
116,A,30,l0,LU,0.4,0.8,1.2,Normal,11958,101,11958,60,Quarter
117,A,30,l0,RU,0.4,0.8,1.2,Normal,11959,142,11959,60,Quarter
118,A,30,l0,LD,0.4,0.8,1.2,Normal,11970,45,11970,120,Quarter
119,A,30,l0,RD,0.4,0.8,1.2,Normal,11971,25,11971,36,Quarter
120,B,1,l0,R,0.4,1.8,1.2,Normal,10532,14,10532,160,Half
121,B,1,l0,L,0.4,1.8,1.2,Normal,10761,233,10761,180,Half
122,B,2,l0,R,0.4,1.8,1.2,Normal,10786,101,10786,240,Half
123,B,2,l0,L,0.4,1.8,1.2,Normal,10788,160,10788,240,Half
124,B,3,l0,R,0.4,1.8,1.2,Normal,10790,14,10790,240,Half
125,B,3,l0,L,0.4,1.8,1.2,Normal,10793,0,10793,240,Half
126,B,4,l0,R,0.4,1.8,1.2,Normal,10839,151,10839,180,Half
127,B,4,l0,L,0.4,1.8,1.2,Normal,10887,239,10887,400,Half
128,B,5,l0,R,0.4,1.8,1.2,Normal,11560,68,11560,48,Half
129,B,5,l0,L,0.4,1.8,1.2,Normal,10914,486,10914,560,Half
130,B,6,l0,R,0.4,1.8,1.2,Normal,10917,18,10917,140,Half
131,B,6,l0,L,0.4,1.8,1.2,Normal,10958,167,10958,180,Half
132,B,7,l0,R,0.4,1.8,1.2,Normal,10959,149,10959,180,Half
133,B,7,l0,L,0.4,1.8,1.2,Normal,10965,25,10965,120,Half
134,B,8,l0,R,0.4,1.8,1.2,Normal,10999,229,10999,240,Half
135,B,8,l0,L,0.4,1.8,1.2,Normal,11002,10,11002,240,Half
136,B,9,l0,R,0.4,1.8,1.2,Normal,11003,237,11003,240,Half
137,B,9,l0,L,0.4,1.8,1.2,Normal,11004,40,11004,240,Half
138,B,10,l0,R,0.4,1.8,1.2,Normal,11466,155,11466,160,Half
139,B,10,l0,L,0.4,1.8,1.2,Normal,11019,176,11019,280,Half
140,B,11,l0,R,0.4,1.8,1.2,Normal,11052,113,11052,320,Half
141,B,11,l0,L,0.4,1.8,1.2,Normal,11181,187,11181,160,Half
142,B,12,l0,R,0.4,1.8,1.2,Normal,11182,140,11182,160,Half
143,B,12,l0,L,0.4,1.8,1.2,Normal,11204,64,11204,90,Half
144,B,13,l0,R,0.4,1.8,1.2,Normal,12011,181,12011,160,Half
145,B,13,l0,L,0.4,1.8,1.2,Normal,11261,11,11261,160,Half
146,B,14,l0,R,0.4,1.8,1.2,Normal,11276,94,11276,90,Half
147,B,14,l0,L,0.4,1.8,1.2,Normal,11280,110,11280,90,Half
148,B,15,l0,R,0.4,1.8,1.2,Normal,11281,97,11281,90,Half
149,B,15,l0,L,0.4,1.8,1.2,Normal,11287,54,11287,120,Half
150,B,16,l0,R,0.4,1.8,1.2,Normal,11990,188,11990,240,Half
151,B,16,l0,L,0.4,1.8,1.2,Normal,11340,11,11340,130,Half
152,B,17,l0,R,0.4,1.8,1.2,Normal,11341,83,11341,150,Half
153,B,17,l0,L,0.4,1.8,1.2,Normal,11983,391,11983,200,Half
154,B,18,l0,R,0.4,1.8,1.2,Normal,12012,165,12012,160,Half
155,B,18,l0,L,0.4,1.8,1.2,Normal,12067,155,12067,240,Half
156,B,19,l0,R,0.4,1.8,1.2,Normal,11353,19,11353,48,Half
157,B,19,l0,L,0.4,1.8,1.2,Normal,11363,40,11363,102,Half
158,B,20,l0,R,0.4,1.8,1.2,Normal,11643,130,11643,120,Half
159,B,20,l0,L,0.4,1.8,1.2,Normal,11365,133,11365,102,Half
160,B,21,l0,R,0.4,1.8,1.2,Normal,11369,14,11369,100,Half
161,B,21,l0,L,0.4,1.8,1.2,Normal,11380,0,11380,180,Half
162,B,22,l0,R,0.4,1.8,1.2,Normal,11381,14,11381,160,Half
163,B,22,l0,L,0.4,1.8,1.2,Normal,11394,131,11394,160,Half
164,B,23,l0,R,0.4,1.8,1.2,Normal,11395,73,11395,180,Half
165,B,23,l0,L,0.4,1.8,1.2,Normal,11415,69,11415,130,Half
166,B,24,l0,R,0.4,1.8,1.2,Normal,11417,4,11417,130,Half
167,B,24,l0,L,0.4,1.8,1.2,Normal,11419,171,11419,400,Half
168,B,25,l0,R,0.4,1.8,1.2,Normal,11422,140,11422,130,Half
169,B,25,l0,L,0.4,1.8,1.2,Normal,11427,0,11427,180,Half
170,B,26,l0,R,0.4,1.8,1.2,Normal,11444,145,11444,400,Half
171,B,26,l0,L,0.4,1.8,1.2,Normal,11445,5,11445,130,Half
172,B,27,l0,R,0.4,1.8,1.2,Normal,11449,106,11449,140,Half
173,B,27,l0,L,0.4,1.8,1.2,Normal,12068,110,12068,240,Half
174,B,28,l0,R,0.4,1.8,1.2,Normal,11455,154,11455,120,Half
175,B,28,l0,L,0.4,1.8,1.2,Normal,11456,148,11456,120,Half
176,B,29,l0,R,0.4,1.8,1.2,Normal,11458,69,11458,200,Half
177,B,29,l0,L,0.4,1.8,1.2,Normal,11707,288,11707,300,Half
178,B,30,l0,R,0.4,1.8,1.2,Normal,11472,194,11472,200,Half
179,B,30,l0,L,0.4,1.8,1.2,Normal,11479,158,11479,180,Half
180,C,1,l0,L,0.4,1.8,1.2,Normal,11484,196,11484,240,Half
181,C,1,l0,R,0.4,1.8,1.2,Normal,11834,111,11834,300,Half
182,C,2,l0,L,0.4,1.8,1.2,Normal,11833,69,11833,160,Half
183,C,2,l0,R,0.4,1.8,1.2,Normal,11498,59,11498,60,Half
184,C,3,l0,L,0.4,1.8,1.2,Normal,12051,180,12051,180,Half
185,C,3,l0,R,0.4,1.8,1.2,Normal,12059,90,12059,180,Half
186,C,4,l0,L,0.4,1.8,1.2,Normal,11503,126,11503,120,Half
187,C,4,l0,R,0.4,1.8,1.2,Normal,11349,0,11349,48,Half
188,C,5,l0,L,0.4,1.8,1.2,Normal,11506,118,11506,120,Half
189,C,5,l0,R,0.4,1.8,1.2,Normal,12109,130,12109,200,Half
190,C,6,l0,L,0.4,1.8,1.2,Normal,11510,20,11510,180,Half
191,C,6,l0,R,0.4,1.8,1.2,Normal,11976,171,11976,170,Half
192,C,7,l0,L,0.4,1.8,1.2,Normal,11827,180,11827,260,Half
193,C,7,l0,R,0.4,1.8,1.2,Normal,12107,140,12107,160,Half
194,C,8,l0,L,0.4,1.8,1.2,Normal,11835,213,11835,260,Half
195,C,8,l0,R,0.4,1.8,1.2,Normal,12076,110,12076,180,Half
196,C,9,l0,L,0.4,1.8,1.2,Normal,11538,841,11538,920,Half
197,C,9,l0,R,0.4,1.8,1.2,Normal,11541,119,11541,140,Half
198,C,10,l0,L,0.4,1.8,1.2,Normal,11543,230,11543,300,Half
199,C,10,l0,R,0.4,1.8,1.2,Normal,11545,180,11545,200,Half
200,C,11,l0,L,0.4,1.8,1.2,Normal,11546,260,11546,240,Half
201,C,11,l0,R,0.4,1.8,1.2,Normal,12081,170,12081,180,Half
202,C,12,l0,L,0.4,1.8,1.2,Normal,11569,93,11569,120,Half
203,C,12,l0,R,0.4,1.8,1.2,Normal,11364,88,11364,102,Half
204,C,13,l0,L,0.4,1.8,1.2,Normal,11573,77,11573,240,Half
205,C,13,l0,R,0.4,1.8,1.2,Normal,12172,42,12172,42,Half
206,C,14,l0,L,0.4,1.8,1.2,Normal,11575,21,11575,60,Half
207,C,14,l0,R,0.4,1.8,1.2,Normal,11576,50,11576,48,Half
208,C,15,l0,L,0.4,1.8,1.2,Normal,11577,46,11577,60,Half
209,C,15,l0,R,0.4,1.8,1.2,Normal,11578,37,11578,60,Half
210,C,16,l0,L,0.4,1.8,1.2,Normal,11798,66,11798,48,Half
211,C,16,l0,R,0.4,1.8,1.2,Normal,11582,73,11582,280,Half
212,C,17,l0,L,0.4,1.8,1.2,Normal,11528,64,11528,48,Half
213,C,17,l0,R,0.4,1.8,1.2,Normal,11651,0,11651,160,Half
214,C,18,l0,L,0.4,1.8,1.2,Normal,11451,40,11451,60,Half
215,C,18,l0,R,0.4,1.8,1.2,Normal,11588,15,11588,48,Half
216,C,19,l0,L,0.4,1.8,1.2,Normal,11589,19,11589,48,Half
217,C,19,l0,R,0.4,1.8,1.2,Normal,11590,24,11590,48,Half
218,C,20,l0,L,0.4,1.8,1.2,Normal,11591,19,11591,48,Half
219,C,20,l0,R,0.4,1.8,1.2,Normal,11593,391,11593,360,Half
220,C,21,l0,L,0.4,1.8,1.2,Normal,11656,173,11656,240,Half
221,C,21,l0,R,0.4,1.8,1.2,Normal,11937,31,11937,280,Half
222,C,22,l0,L,0.4,1.8,1.2,Normal,11605,522,11605,500,Half
223,C,22,l0,R,0.4,1.8,1.2,Normal,12106,199,12106,160,Half
224,C,23,l0,L,0.4,1.8,1.2,Normal,11608,192,11608,240,Half
225,C,23,l0,R,0.4,1.8,1.2,Normal,11609,278,11609,240,Half
226,C,24,l0,L,0.4,1.8,1.2,Normal,11610,2,11610,48,Half
227,C,24,l0,R,0.4,1.8,1.2,Normal,11615,26,11615,48,Half
228,C,25,l0,L,0.4,1.8,1.2,Normal,11616,39,11616,48,Half
229,C,25,l0,R,0.4,1.8,1.2,Normal,11945,270,11945,200,Half
230,C,26,l0,L,0.4,1.8,1.2,Normal,11621,0,11621,180,Half
231,C,26,l0,R,0.4,1.8,1.2,Normal,12166,50,12166,160,Half
232,C,27,l0,L,0.4,1.8,1.2,Normal,12121,160,12121,180,Half
233,C,27,l0,R,0.4,1.8,1.2,Normal,11625,29,11625,100,Half
234,C,28,l0,L,0.4,1.8,1.2,Normal,11626,77,11626,100,Half
235,C,28,l0,R,0.4,1.8,1.2,Normal,11627,21,11627,100,Half
236,C,29,l0,L,0.4,1.8,1.2,Normal,11628,0,11628,100,Half
237,C,29,l0,R,0.4,1.8,1.2,Normal,11636,61,11636,60,Half
238,C,30,l0,L,0.4,1.8,1.2,Normal,12114,200,12114,240,Half
239,C,30,l0,R,0.4,1.8,1.2,Normal,12174,24,12174,36,Half
287,D,1,l0,R,0.4,1.8,1.2,Normal,11759,39,11759,80,Half
286,D,1,l0,L,0.4,1.8,1.2,Normal,12167,80,12167,160,Half
285,D,2,l0,R,0.4,1.8,1.2,Normal,11754,204,11754,240,Half
284,D,2,l0,L,0.4,1.8,1.2,Normal,11752,36,11752,48,Half
283,D,3,l0,R,0.4,1.8,1.2,Normal,11751,18,11751,48,Half
282,D,3,l0,L,0.4,1.8,1.2,Normal,11750,47,11750,180,Half
281,D,4,l0,R,0.4,1.8,1.2,Normal,12105,73,12105,160,Half
280,D,4,l0,L,0.4,1.8,1.2,Normal,-9999,0,-9999,0,Half
279,D,5,l0,R,0.4,1.8,1.2,Normal,11519,44,11519,78,Half
278,D,5,l0,L,0.4,1.8,1.2,Normal,11738,289,11738,200,Half
277,D,6,l0,R,0.4,1.8,1.2,Normal,11956,140,11956,200,Half
276,D,6,l0,L,0.4,1.8,1.2,Normal,11724,202,11724,280,Half
275,D,7,l0,R,0.4,1.8,1.2,Normal,11721,0,11721,140,Half
274,D,7,l0,L,0.4,1.8,1.2,Normal,11955,120,11955,200,Half
273,D,8,l0,R,0.4,1.8,1.2,Normal,11718,0,11718,140,Half
272,D,8,l0,L,0.4,1.8,1.2,Normal,11716,53,11716,120,Half
271,D,9,l0,R,0.4,1.8,1.2,Normal,11715,199,11715,160,Half
270,D,9,l0,L,0.4,1.8,1.2,Normal,11712,0,11712,100,Half
269,D,10,l0,R,0.4,1.8,1.2,Normal,11711,163,11711,180,Half
268,D,10,l0,L,0.4,1.8,1.2,Normal,11710,191,11710,240,Half
267,D,11,l0,R,0.4,1.8,1.2,Normal,11706,56,11706,180,Half
266,D,11,l0,L,0.4,1.8,1.2,Normal,12116,120,12116,240,Half
265,D,12,l0,R,0.4,1.8,1.2,Normal,11824,277,11824,320,Half
264,D,12,l0,L,0.4,1.8,1.2,Normal,11700,28,11700,60,Half
263,D,13,l0,R,0.4,1.8,1.2,Normal,11697,90,11697,240,Half
262,D,13,l0,L,0.4,1.8,1.2,Normal,11696,216,11696,240,Half
261,D,14,l0,R,0.4,1.8,1.2,Normal,12120,80,12120,180,Half
260,D,14,l0,L,0.4,1.8,1.2,Normal,11694,43,11694,100,Half
259,D,15,l0,R,0.4,1.8,1.2,Normal,11693,139,11693,240,Half
258,D,15,l0,L,0.4,1.8,1.2,Normal,11692,215,11692,240,Half
257,D,16,l0,R,0.4,1.8,1.2,Normal,11691,79,11691,90,Half
256,D,16,l0,L,0.4,1.8,1.2,Normal,11690,83,11690,90,Half
255,D,17,l0,R,0.4,1.8,1.2,Normal,12176,42,12176,42,Half
254,D,17,l0,L,0.4,1.8,1.2,Normal,11686,242,11686,320,Half
253,D,18,l0,R,0.4,1.8,1.2,Normal,11685,117,11685,320,Half
252,D,18,l0,L,0.4,1.8,1.2,Normal,11684,198,11684,320,Half
251,D,19,l0,R,0.4,1.8,1.2,Normal,-9999,0,-9999,800,Half
250,D,19,l0,L,0.4,1.8,1.2,Normal,11680,117,11680,280,Half
249,D,20,l0,R,0.4,1.8,1.2,Normal,11672,61,11672,80,Half
248,D,20,l0,L,0.4,1.8,1.2,Normal,11671,119,11671,240,Half
247,D,21,l0,R,0.4,1.8,1.2,Normal,11670,231,11670,240,Half
246,D,21,l0,L,0.4,1.8,1.2,Normal,11668,59,11668,70,Half
245,D,22,l0,R,0.4,1.8,1.2,Normal,11630,80,11630,240,Half
244,D,22,l0,L,0.4,1.8,1.2,Normal,11652,180,11652,240,Half
243,D,23,l0,R,0.4,1.8,1.2,Normal,11649,51,11649,60,Half
242,D,23,l0,L,0.4,1.8,1.2,Normal,11648,79,11648,60,Half
241,D,24,l0,R,0.4,1.8,1.2,Normal,11642,80,11642,60,Half
240,D,24,l0,L,0.4,1.8,1.2,Normal,-9999,0,-9999,0,Half
288,E,1,l0,L,0.4,1.8,1.2,Normal,11770,105,11770,200,Half
289,E,1,l0,R,0.4,1.8,1.2,Normal,11771,75,11771,200,Half
290,E,2,l0,L,0.4,1.8,1.2,Normal,-9999,0,-9999,0,Half
291,E,2,l0,R,0.4,1.8,1.2,Normal,-9999,0,-9999,180,Half
292,E,3,l0,L,0.4,1.8,1.2,Normal,11524,23,11524,48,Half
293,E,3,l0,R,0.4,1.8,1.2,Normal,11787,81,11787,240,Half
294,E,4,l0,L,0.4,1.8,1.2,Normal,-9999,0,-9999,0,Half
295,E,4,l0,R,0.4,1.8,1.2,Normal,-9999,0,-9999,180,Half
296,E,5,l0,L,0.4,1.8,1.2,Normal,11796,2194,11796,3400,Half
297,E,5,l0,R,0.4,1.8,1.2,Normal,11797,2367,11797,2550,Half
298,E,6,l0,L,0.4,1.8,1.2,Normal,11817,89,11817,120,Half
299,E,6,l0,R,0.4,1.8,1.2,Normal,11822,259,11822,320,Half
300,E,7,l0,None,0.8,1.8,1.2,Normal,10442,1858,10442,2400,Full
301,E,8,l0,None,0.8,1.8,1.2,Normal,10789,357,10789,600,Full
302,E,9,l0,None,0.8,1.8,1.2,Normal,10840,25,10840,440,Full
303,E,10,l0,None,0.8,1.8,1.2,Normal,10844,579,10844,1280,Full
304,E,11,l0,None,0.8,1.8,1.2,Normal,10855,0,10855,440,Full
305,E,12,l0,None,0.8,1.8,1.2,Normal,10857,165,10857,600,Full
306,E,13,l0,None,0.8,1.8,1.2,Normal,10891,968,10891,1920,Full
307,E,14,l0,None,0.8,1.8,1.2,Normal,10900,128,10900,350,Full
308,E,15,l0,None,0.8,1.8,1.2,Normal,10960,83,10960,440,Full
309,E,16,l0,None,0.8,1.8,1.2,Normal,10985,250,10985,600,Full
310,E,17,l0,None,0.8,1.8,1.2,Normal,11005,10,11005,600,Full
311,E,18,l0,None,0.8,1.8,1.2,Normal,11017,260,11017,600,Full
312,E,19,l0,None,0.8,1.8,1.2,Normal,11033,405,11033,360,Full
313,E,20,l0,None,0.8,1.8,1.2,Normal,11048,70,11048,360,Full
314,E,21,l0,None,0.8,1.8,1.2,Normal,11077,178,11077,220,Full
315,E,22,l0,None,0.8,1.8,1.2,Normal,11091,1795,11091,1920,Full
316,E,23,l0,None,0.8,1.8,1.2,Normal,11145,211,11145,400,Full
317,E,24,l0,None,0.8,1.8,1.2,Normal,11167,669,11167,640,Full
342,F,1,l0,None,0.8,1.8,1.2,Normal,11486,8,11486,600,Full
341,F,2,l0,None,0.8,1.8,1.2,Normal,11473,327,11473,500,Full
340,F,3,l0,None,0.8,1.8,1.2,Normal,11471,52,11471,500,Full
339,F,4,l0,None,0.8,1.8,1.2,Normal,11457,101,11457,108,Full
338,F,5,l0,None,0.8,1.8,1.2,Normal,11994,1278,11994,2400,Full
337,F,6,l0,None,0.8,1.8,1.2,Normal,11447,352,11447,320,Full
336,F,7,l0,None,0.8,1.8,1.2,Normal,11442,0,11442,108,Full
335,F,8,l0,None,0.8,1.8,1.2,Normal,11429,119,11429,120,Full
334,F,9,l0,None,0.8,1.8,1.2,Normal,11526,100,11526,120,Full
333,F,10,l0,None,0.8,1.8,1.2,Normal,11411,639,11411,640,Full
332,F,11,l0,None,0.8,1.8,1.2,Normal,11402,1709,11402,2240,Full
331,F,12,l0,None,0.8,1.8,1.2,Normal,11387,868,11387,2240,Full
330,F,13,l0,None,0.8,1.8,1.2,Normal,11354,133,11354,144,Full
329,F,14,l0,None,0.8,1.8,1.2,Normal,11350,47,11350,108,Full
328,F,15,l0,None,0.8,1.8,1.2,Normal,11284,71,11284,2160,Full
327,F,16,l0,None,0.8,1.8,1.2,Normal,11267,132,11267,400,Full
326,F,17,l0,None,0.8,1.8,1.2,Normal,11266,270,11266,400,Full
325,F,18,l0,None,0.8,1.8,1.2,Normal,11265,380,11265,400,Full
324,F,19,l0,None,0.8,1.8,1.2,Normal,11263,360,11263,400,Full
323,F,20,l0,None,0.8,1.8,1.2,Normal,11262,362,11262,400,Full
322,F,21,l0,None,0.8,1.8,1.2,Normal,11260,250,11260,400,Full
321,F,22,l0,None,0.8,1.8,1.2,Normal,11258,290,11258,400,Full
320,F,23,l0,None,0.8,1.8,1.2,Normal,11252,179,11252,440,Full
319,F,24,l0,None,0.8,1.8,1.2,Normal,11251,760,11251,1920,Full
318,F,25,l0,None,0.8,1.8,1.2,Normal,11168,587,11168,560,Full
343,G,1,l0,None,0.8,1.8,1.2,Normal,11505,80,11505,280,Full
344,G,2,l0,None,0.8,1.8,1.2,Normal,11508,5,11508,500,Full
345,G,3,l0,None,0.8,1.8,1.2,Normal,11512,458,11512,440,Full
346,G,4,l0,None,0.8,1.8,1.2,Normal,11516,1048,11516,1200,Full
347,G,5,l0,None,0.8,1.8,1.2,Normal,11517,720,11517,640,Full
348,G,6,l0,None,0.8,1.8,1.2,Normal,11521,29,11521,1280,Full
349,G,7,l0,None,0.8,1.8,1.2,Normal,11522,1218,11522,1600,Full
350,G,8,l0,None,0.8,1.8,1.2,Normal,-9999,0,-9999,0,Full
351,G,9,l0,None,0.8,1.8,1.2,Normal,11525,63,11525,144,Full
352,G,10,l0,None,0.8,1.8,1.2,Normal,11523,5,11523,144,Full
353,G,11,l0,None,0.8,1.8,1.2,Normal,11529,1349,11529,2400,Full
354,G,12,l0,None,0.8,1.8,1.2,Normal,11530,24,11530,600,Full
355,G,13,l0,None,0.8,1.8,1.2,Normal,11534,0,11534,640,Full
356,G,14,l0,None,0.8,1.8,1.2,Normal,11703,11,11703,2240,Full
357,G,15,l0,None,0.8,1.8,1.2,Normal,11533,1290,11533,1600,Full
358,G,16,l0,None,0.8,1.8,1.2,Normal,11562,197,11562,480,Full
359,G,17,l0,None,0.8,1.8,1.2,Normal,11566,9,11566,500,Full
360,G,18,l0,None,0.8,1.8,1.2,Normal,11567,922,11567,960,Full
361,G,19,l0,None,0.8,1.8,1.2,Normal,11568,240,11568,640,Full
362,G,20,l0,None,0.8,1.8,1.2,Normal,11689,9,11689,220,Full
363,G,21,l0,None,0.8,1.8,1.2,Normal,11572,316,11572,1200,Full
364,G,22,l0,None,0.8,1.8,1.2,Normal,11579,135,11579,200,Full
388,H,1,l0,None,0.8,1.8,1.2,Normal,11705,56,11705,640,Full
387,H,2,l0,None,0.8,1.8,1.2,Normal,11699,252,11699,600,Full
386,H,3,l0,None,0.8,1.8,1.2,Normal,11698,280,11698,600,Full
385,H,4,l0,None,0.8,1.8,1.2,Normal,11687,610,11687,2240,Full
384,H,5,l0,None,0.8,1.8,1.2,Normal,11674,70,11674,300,Full
383,H,6,l0,None,0.8,1.8,1.2,Normal,11673,177,11673,400,Full
382,H,7,l0,None,0.8,1.8,1.2,Normal,11667,76,11667,600,Full
381,H,8,l0,None,0.8,1.8,1.2,Normal,11666,107,11666,600,Full
380,H,9,l0,None,0.8,1.8,1.2,Normal,11665,163,11665,600,Full
379,H,10,l0,None,0.8,1.8,1.2,Normal,11663,280,11663,280,Full
378,H,11,l0,None,0.8,1.8,1.2,Normal,11662,124,11662,150,Full
377,H,12,l0,None,0.8,1.8,1.2,Normal,11654,49,11654,150,Full
376,H,13,l0,None,0.8,1.8,1.2,Normal,12013,513,12013,880,Full
375,H,14,l0,None,0.8,1.8,1.2,Normal,11485,121,11485,400,Full
374,H,15,l0,None,0.8,1.8,1.2,Normal,11635,667,11635,800,Full
373,H,16,l0,None,0.8,1.8,1.2,Normal,11634,0,11634,2000,Full
372,H,17,l0,None,0.8,1.8,1.2,Normal,11633,25,11633,108,Full
371,H,18,l0,None,0.8,1.8,1.2,Normal,-9999,0,-9999,0,Full
370,H,19,l0,None,0.8,1.8,1.2,Normal,11660,106,11660,150,Full
369,H,20,l0,None,0.8,1.8,1.2,Normal,11629,47,11629,500,Full
368,H,21,l0,None,0.8,1.8,1.2,Normal,11612,55,11612,108,Full
367,H,22,l0,None,0.8,1.8,1.2,Normal,11611,34,11611,108,Full
366,H,23,l0,None,0.8,1.8,1.2,Normal,11607,220,11607,600,Full
365,H,24,l0,None,0.8,1.8,1.2,Normal,11595,440,11595,440,Full
389,I,1,l0,None,0.8,1.8,1.2,Normal,11709,360,11709,600,Full
390,I,2,l0,None,0.8,1.8,1.2,Normal,11713,91,11713,400,Full
391,I,3,l0,None,0.8,1.8,1.2,Normal,11714,278,11714,400,Full
392,I,4,l0,None,0.8,1.8,1.2,Normal,11726,287,11726,450,Full
393,I,5,l0,None,0.8,1.8,1.2,Normal,11729,63,11729,450,Full
394,I,6,l0,None,0.8,1.8,1.2,Normal,11730,434,11730,450,Full
395,I,7,l0,None,0.8,1.8,1.2,Normal,-9999,0,-9999,200,Full
396,I,8,l0,None,0.8,1.8,1.2,Normal,11764,522,11764,8400,Full
397,I,9,l0,None,0.8,1.8,1.2,Normal,11768,535,11768,500,Full
398,I,10,l0,None,0.8,1.8,1.2,Normal,11831,2009,11831,2400,Full
399,I,11,l0,None,0.8,1.8,1.2,Normal,11832,912,11832,2400,Full
400,I,12,l0,None,0.8,1.8,1.2,Normal,19998,2076,19998,4500,Full
401,I,13,l0,None,0.8,1.8,1.2,Normal,11502,120,NULL,8400,Full
402,I,14,l0,None,0.8,1.8,1.2,Normal,NULL,0,NULL,0,Full
403,I,15,l0,None,0.8,1.8,1.2,Normal,NULL,0,NULL,500,Full
404,I,16,l0,None,0.8,1.8,1.2,Normal,NULL,0,NULL,2400,Full
405,I,17,l0,None,0.8,1.8,1.2,Normal,NULL,0,NULL,2400,Full
406,I,18,l0,None,0.8,1.8,1.2,Normal,NULL,0,NULL,4500,Full
407,I,19,l0,None,0.8,1.8,1.2,Normal,NULL,0,NULL,2400,Full
408,I,20,l0,None,0.8,1.8,1.2,Normal,NULL,0,NULL,2400,Full
409,I,21,l0,None,0.8,1.8,1.2,Normal,NULL,0,NULL,4500,Full
410,I,22,l0,None,0.8,1.8,1.2,Normal,NULL,0,NULL,360,Full
411,I,23,l0,None,0.8,1.8,1.2,Normal,NULL,0,NULL,360,Full
412,I,24,l0,None,0.8,1.8,1.2,Normal,NULL,0,NULL,360,Full
413,J,1,l0,None,0.8,1.8,1.2,Normal,11168,205,NULL,600,Full
414,J,2,l0,None,0.8,1.8,1.2,Normal,21668,11,NULL,108,Full
415,J,3,l0,None,0.8,1.8,1.2,Normal,NULL,0,NULL,0,Full
416,J,4,l0,None,0.8,1.8,1.2,Normal,11952,80,NULL,500,Full
417,J,5,l0,None,0.8,1.8,1.2,Normal,10910,10,NULL,400,Full
419,J,7,l0,None,0.8,1.8,1.2,Normal,11946,220,NULL,360,Full
420,J,8,l0,None,0.8,1.8,1.2,Normal,11635,1360,NULL,360,Full
421,J,9,l0,None,0.8,1.8,1.2,Normal,11582,520,NULL,640,Full
422,J,10,l0,None,0.8,1.8,1.2,Normal,NULL,0,NULL,400,Full
423,J,11,l0,None,0.8,1.8,1.2,Normal,21533,17,NULL,200,Full
424,J,12,l0,None,0.8,1.8,1.2,Normal,11920,110,NULL,200,Full
425,J,13,l0,None,0.8,1.8,1.2,Normal,11919,110,NULL,200,Full
426,J,14,l0,None,0.8,1.8,1.2,Normal,11918,85,NULL,200,Full
427,J,15,l0,None,0.8,1.8,1.2,Normal,11943,480,NULL,4000,Full
428,J,16,l0,None,0.8,1.8,1.2,Normal,21525,2,NULL,450,Full
429,J,17,l0,None,0.8,1.8,1.2,Normal,NULL,0,NULL,450,Full
430,J,18,l0,None,0.8,1.8,1.2,Normal,21411,4,NULL,460,Full
431,J,19,l0,None,0.8,1.8,1.2,Normal,21635,23,NULL,360,Full
432,J,20,l0,None,0.8,1.8,1.2,Normal,NULL,0,NULL,360,Full
433,J,21,l0,None,0.8,1.8,1.2,Normal,NULL,0,NULL,450,Full
434,J,22,l0,None,0.8,1.8,1.2,Normal,NULL,0,NULL,480,Full
435,J,23,l0,None,0.8,1.8,1.2,Normal,NULL,0,NULL,480,Full
436,J,24,l0,None,0.8,1.8,1.2,Normal,11917,30,NULL,200,Full
437,J,25,l0,None,0.8,1.8,1.2,Normal,NULL,0,NULL,450,Full
438,J,26,l0,None,0.8,1.8,1.2,Normal,NULL,0,NULL,530,Full
439,J,27,l0,None,0.8,1.8,1.2,Normal,NULL,0,NULL,450,Full
440,K,1,l0,None,0.8,1.8,1.2,Normal,NULL,0,NULL,150,Full
441,K,2,l0,None,0.8,1.8,1.2,Normal,NULL,0,NULL,150,Full
442,K,3,l0,None,0.8,1.8,1.2,Normal,NULL,0,NULL,320,Full
443,K,4,l0,None,0.8,1.8,1.2,Normal,NULL,0,NULL,120,Full
444,K,5,l0,None,0.8,1.8,1.2,Normal,NULL,0,NULL,120,Full
445,K,6,l0,None,0.8,1.8,1.2,Normal,NULL,0,NULL,120,Full
446,K,7,l0,None,0.8,1.8,1.2,Normal,NULL,0,NULL,150,Full
447,K,8,l0,None,0.8,1.8,1.2,Normal,NULL,0,NULL,108,Full
448,K,9,l0,None,0.8,1.8,1.2,Normal,NULL,0,NULL,400,Full
449,K,10,l0,None,0.8,1.8,1.2,Normal,NULL,0,NULL,600,Full
450,K,11,l0,None,0.8,1.8,1.2,Normal,NULL,0,NULL,144,Full
451,K,12,l0,None,0.8,1.8,1.2,Normal,NULL,0,NULL,144,Full
452,K,13,l0,None,0.8,1.8,1.2,Normal,NULL,0,NULL,144,Full
453,K,14,l0,None,0.8,1.8,1.2,Normal,NULL,0,NULL,400,Full
454,K,15,l0,None,0.8,1.8,1.2,Normal,NULL,0,NULL,108,Full
455,K,16,l0,None,0.8,1.8,1.2,Normal,NULL,0,NULL,108,Full
456,K,17,l0,None,0.8,1.8,1.2,Normal,NULL,0,NULL,800,Full
457,K,18,l0,None,0.8,1.8,1.2,Normal,NULL,0,NULL,108,Full
458,K,19,l0,None,0.8,1.8,1.2,Normal,NULL,0,NULL,120,Full
459,K,20,l0,None,0.8,1.8,1.2,Normal,11960,20,-9999,0,Full
460,K,21,l0,None,0.8,1.8,1.2,Normal,11805,24,NULL,120,Full
461,K,22,l0,None,0.8,1.8,1.2,Normal,NULL,0,NULL,800,Full
462,K,23,l0,None,0.8,1.8,1.2,Normal,NULL,0,NULL,800,Full
463,K,24,l0,None,0.8,1.8,1.2,Normal,NULL,0,NULL,120,Full
464,K,25,l0,None,0.8,1.8,1.2,CEZ/TEMP,NULL,0,NULL,0,Full
465,K,26,l0,None,0.8,1.8,1.2,CEZ/TEMP,NULL,0,NULL,640,Full
466,K,27,l0,None,0.8,1.8,1.2,CEZ/TEMP,NULL,0,NULL,640,Full
467,L,1,l0,None,0.8,1.8,1.2,CEZ/TEMP,NULL,0,NULL,0,Full
468,L,2,l0,None,0.8,1.8,1.2,CEZ/TEMP,NULL,0,NULL,0,Full
469,L,3,l0,None,0.8,1.8,1.2,CEZ/TEMP,NULL,0,NULL,0,Full
470,L,4,l0,None,0.8,1.8,1.2,CEZ/TEMP,NULL,0,NULL,320,Full
471,L,5,l0,None,0.8,1.8,1.2,CEZ/TEMP,NULL,0,NULL,240,Full
472,L,6,l0,None,0.8,1.8,1.2,CEZ/TEMP,NULL,0,NULL,320,Full
473,L,7,l0,None,0.8,1.8,1.2,CEZ/TEMP,NULL,0,NULL,0,Full
474,L,8,l0,None,0.8,1.8,1.2,CEZ/TEMP,NULL,0,NULL,0,Full
475,L,9,l0,None,0.8,1.8,1.2,CEZ/TEMP,NULL,0,NULL,0,Full
476,L,10,l0,None,0.8,1.8,1.2,CEZ/TEMP,NULL,0,NULL,0,Full
477,L,11,l0,None,0.8,1.8,1.2,CEZ/TEMP,NULL,0,NULL,0,Full
478,L,12,l0,None,0.8,1.8,1.2,CEZ/TEMP,NULL,0,NULL,0,Full
479,L,13,l0,None,0.8,1.8,1.2,CEZ/TEMP,NULL,0,NULL,0,Full
480,L,14,l0,None,0.8,1.8,1.2,CEZ/TEMP,NULL,0,NULL,0,Full
481,L,15,l0,None,0.8,1.8,1.2,CEZ/TEMP,NULL,0,NULL,0,Full
482,L,16,l0,None,0.8,1.8,1.2,CEZ/TEMP,NULL,0,NULL,0,Full
483,L,17,l0,None,0.8,1.8,1.2,CEZ/TEMP,NULL,0,NULL,0,Full
484,L,18,l0,None,0.8,1.8,1.2,CEZ/TEMP,NULL,0,NULL,0,Full
485,L,19,l0,None,0.8,1.8,1.2,CEZ/TEMP,NULL,0,NULL,0,Full
486,L,20,l0,None,0.8,1.8,1.2,CEZ/TEMP,NULL,0,NULL,0,Full
487,L,21,l0,None,0.8,1.8,1.2,CEZ/TEMP,NULL,0,NULL,0,Full
488,L,22,l0,None,0.8,1.8,1.2,CEZ/TEMP,NULL,0,NULL,0,Full
489,L,23,l0,None,0.8,1.8,1.2,CEZ/TEMP,NULL,0,NULL,0,Full
490,L,24,l0,None,0.8,1.8,1.2,CEZ/TEMP,NULL,0,NULL,0,Full
491,L,25,l0,LU,0.4,0.8,1.2,EOL,11550,1,11550,0,6er
492,L,26,l0,LU,0.4,0.8,1.2,EOL,11744,0,11744,60,6er
493,L,27,l0,LU,0.4,0.8,1.2,EOL,11499,11,11499,20,6er
494,L,28,l0,LU,0.4,0.8,1.2,EOL,11601,29,11601,60,Quarter
495,L,29,l0,LU,0.4,0.8,1.2,EOL,11840,28,11840,30,Quarter
496,L,30,l0,LU,0.4,0.8,1.2,EOL,11574,168,11574,120,Quarter
497,L,31,l0,LU,0.4,0.8,1.2,EOL,11757,0,11757,30,Quarter
498,L,32,l0,LU,0.4,0.8,1.2,EOL,11599,0,11599,60,Quarter
499,L,33,l0,LU,0.4,0.8,1.2,EOL,10645,8,10645,60,Quarter
500,A,1,l1,None,0.8,1.8,1.2,Normal,11618,480,NULL,360,Full
501,A,2,l1,None,0.8,1.8,1.2,Normal,11811,120,NULL,150,Full
502,A,3,l1,None,0.8,1.8,1.2,Normal,11811,120,NULL,150,Full
503,A,4,l1,None,0.8,1.8,1.2,Normal,11303,180,NULL,960,Full
504,A,5,l1,None,0.8,1.8,1.2,Normal,11903,640,NULL,960,Full
505,A,6,l1,None,0.8,1.8,1.2,Normal,11659,102,NULL,144,Full
506,A,7,l1,None,0.8,1.8,1.2,Normal,11902,170,NULL,560,Full
507,A,8,l1,None,0.8,1.8,1.2,Normal,11303,6,NULL,120,Full
508,A,9,l1,None,0.8,1.8,1.2,Normal,11924,320,NULL,450,Full
509,A,10,l1,None,0.8,1.8,1.2,Normal,11725,230,NULL,450,Full
510,A,11,l1,None,0.8,1.8,1.2,Normal,11304,180,NULL,150,Full
511,A,12,l1,None,0.8,1.8,1.2,Normal,11749,40,NULL,240,Full
512,A,13,l1,None,0.8,1.8,1.2,Normal,11799,42,NULL,120,Full
513,A,14,l1,None,0.8,1.8,1.2,Normal,11829,320,NULL,150,Full
514,A,15,l1,None,0.8,1.8,1.2,Normal,11924,320,NULL,220,Full
515,A,16,l1,None,0.8,1.8,1.2,Normal,11799,120,NULL,120,Full
516,A,17,l1,None,0.8,1.8,1.2,Normal,NULL,0,NULL,560,Full
517,A,18,l1,None,0.8,1.8,1.2,Normal,11799,120,NULL,120,Full
518,A,19,l1,None,0.8,1.8,1.2,Normal,11799,120,NULL,120,Full
519,A,20,l1,None,0.8,1.8,1.2,Normal,11753,40,NULL,120,Full
520,A,21,l1,None,0.8,1.8,1.2,Normal,12139,1600,NULL,150,Full
521,A,22,l1,None,0.8,1.8,1.2,Normal,11799,120,NULL,120,Full
522,A,23,l1,None,0.8,1.8,1.2,Normal,11904,440,NULL,120,Full
523,A,24,l1,None,0.8,1.8,1.2,Normal,11935,170,NULL,350,Full
524,A,25,l1,None,0.8,1.8,1.2,Normal,11829,440,NULL,150,Full
526,A,27,l1,None,0.8,1.8,1.2,Normal,11182,280,NULL,600,Full
527,A,28,l1,None,0.8,1.8,1.2,Normal,11577,72,NULL,144,Full
528,A,29,l1,None,0.8,1.8,1.2,Normal,11949,300,NULL,600,Full
529,A,30,l1,None,0.8,1.8,1.2,Normal,NULL,0,NULL,560,Full
530,B,1,l1,None,0.8,1.8,1.2,Normal,11786,100,NULL,600,Full
531,B,2,l1,None,0.8,1.8,1.2,Normal,11835,240,NULL,120,Full
532,B,3,l1,None,0.8,1.8,1.2,Normal,10786,160,NULL,600,Full
533,B,4,l1,None,0.8,1.8,1.2,Normal,10958,40,NULL,440,Full
534,B,5,l1,None,0.8,1.8,1.2,Normal,11669,120,NULL,150,Full
535,B,6,l1,None,0.8,1.8,1.2,Normal,12174,72,NULL,440,Full
536,B,7,l1,None,0.8,1.8,1.2,Normal,12075,220,NULL,120,Full
537,B,8,l1,None,0.8,1.8,1.2,Normal,11204,220,NULL,400,Full
538,B,9,l1,None,0.8,1.8,1.2,Normal,11019,340,NULL,700,Full
539,B,10,l1,None,0.8,1.8,1.2,Normal,10887,1000,NULL,560,Full
540,B,11,l1,None,0.8,1.8,1.2,Normal,11479,240,NULL,440,Full
541,B,12,l1,None,0.8,1.8,1.2,Normal,11365,42,NULL,252,Full
542,B,13,l1,None,0.8,1.8,1.2,Normal,10914,1280,NULL,120,Full
543,B,14,l1,None,0.8,1.8,1.2,Normal,10887,1000,NULL,600,Full
544,B,15,l1,None,0.8,1.8,1.2,Normal,NULL,0,NULL,400,Full
545,B,16,l1,None,0.8,1.8,1.2,Normal,12174,72,NULL,320,Full
546,B,17,l1,None,0.8,1.8,1.2,Normal,11276,90,NULL,120,Full
547,B,18,l1,None,0.8,1.8,1.2,Normal,12011,200,NULL,120,Full
548,B,19,l1,None,0.8,1.8,1.2,Normal,11353,60,NULL,120,Full
549,B,20,l1,None,0.8,1.8,1.2,Normal,10839,60,NULL,220,Full
550,B,21,l1,None,0.8,1.8,1.2,Normal,12012,60,NULL,220,Full
551,B,22,l1,None,0.8,1.8,1.2,Normal,NULL,0,NULL,440,Full
552,B,23,l1,None,0.8,1.8,1.2,Normal,NULL,0,NULL,440,Full
553,B,24,l1,None,0.8,1.8,1.2,Normal,12174,72,NULL,440,Full
554,B,25,l1,None,0.8,1.8,1.2,Normal,12174,42,NULL,120,Full
555,B,26,l1,None,0.8,1.8,1.2,Normal,11909,240,NULL,360,Full
556,B,27,l1,None,0.8,1.8,1.2,Normal,11466,220,NULL,600,Full
557,B,28,l1,None,0.8,1.8,1.2,Normal,11811,30,NULL,500,Full
558,B,29,l1,None,0.8,1.8,1.2,Normal,11951,280,NULL,400,Full
559,B,30,l1,None,0.8,1.8,1.2,Normal,11958,120,NULL,640,Full
560,C,1,l1,None,0.8,1.8,1.2,Normal,NULL,0,NULL,120,Full
561,C,2,l1,None,0.8,1.8,1.2,Normal,11834,200,NULL,120,Full
562,C,3,l1,None,0.8,1.8,1.2,Normal,11577,144,NULL,144,Full
563,C,4,l1,None,0.8,1.8,1.2,Normal,11626,170,NULL,120,Full
564,C,5,l1,None,0.8,1.8,1.2,Normal,11503,270,NULL,120,Full
565,C,6,l1,None,0.8,1.8,1.2,Normal,12107,340,NULL,120,Full
566,C,7,l1,None,0.8,1.8,1.2,Normal,11452,110,NULL,150,Full
567,C,8,l1,None,0.8,1.8,1.2,Normal,11052,800,NULL,120,Full
568,C,9,l1,None,0.8,1.8,1.2,Normal,11541,140,NULL,350,Full
569,C,10,l1,None,0.8,1.8,1.2,Normal,11364,18,NULL,120,Full
570,C,11,l1,None,0.8,1.8,1.2,Normal,11582,640,NULL,640,Full
571,C,12,l1,None,0.8,1.8,1.2,Normal,11364,252,NULL,280,Full
572,C,13,l1,None,0.8,1.8,1.2,Normal,11503,90,NULL,280,Full
573,C,14,l1,None,0.8,1.8,1.2,Normal,11484,340,NULL,400,Full
574,C,15,l1,None,0.8,1.8,1.2,Normal,11538,160,NULL,150,Full
575,C,16,l1,None,0.8,1.8,1.2,Normal,12172,96,NULL,144,Full
576,C,17,l1,None,0.8,1.8,1.2,Normal,12172,96,NULL,144,Full
577,C,18,l1,None,0.8,1.8,1.2,Normal,12172,66,NULL,400,Full
578,C,19,l1,None,0.8,1.8,1.2,Normal,11577,144,NULL,144,Full
579,C,20,l1,None,0.8,1.8,1.2,Normal,11545,360,NULL,240,Full
580,C,21,l1,None,0.8,1.8,1.2,Normal,11003,240,NULL,120,Full
581,C,22,l1,None,0.8,1.8,1.2,Normal,11578,36,NULL,280,Full
582,C,23,l1,None,0.8,1.8,1.2,Normal,11280,100,NULL,320,Full
583,C,24,l1,None,0.8,1.8,1.2,Normal,11546,140,NULL,640,Full
584,C,25,l1,None,0.8,1.8,1.2,Normal,11626,240,NULL,320,Full
585,C,26,l1,None,0.8,1.8,1.2,Normal,11591,78,NULL,120,Full
586,C,27,l1,None,0.8,1.8,1.2,Normal,11498,150,NULL,150,Full
587,C,28,l1,None,0.8,1.8,1.2,Normal,11591,108,NULL,144,Full
588,C,29,l1,None,0.8,1.8,1.2,Normal,11912,80,NULL,400,Full
589,C,30,l1,None,0.8,1.8,1.2,Normal,11576,120,NULL,450,Full
590,D,1,l1,None,0.8,1.8,1.2,Normal,12176,96,NULL,2240,Full
591,D,2,l1,None,0.8,1.8,1.2,Normal,11967,150,NULL,500,Full
592,D,3,l1,None,0.8,1.8,1.2,Normal,11697,260,NULL,252,Full
593,D,4,l1,None,0.8,1.8,1.2,Normal,11967,150,NULL,200,Full
594,D,5,l1,None,0.8,1.8,1.2,Normal,11724,560,NULL,600,Full
595,D,6,l1,None,0.8,1.8,1.2,Normal,11519,72,NULL,252,Full
596,D,7,l1,None,0.8,1.8,1.2,Normal,12176,66,NULL,300,Full
597,D,8,l1,None,0.8,1.8,1.2,Normal,11700,144,NULL,640,Full
598,D,9,l1,None,0.8,1.8,1.2,Normal,11700,144,NULL,400,Full
599,D,10,l1,None,0.8,1.8,1.2,Normal,11700,144,NULL,640,Full
600,D,11,l1,None,0.8,1.8,1.2,Normal,11706,200,NULL,2240,Full
601,D,12,l1,None,0.8,1.8,1.2,Normal,11967,150,NULL,800,Full
602,D,13,l1,None,0.8,1.8,1.2,Normal,11967,150,NULL,800,Full
603,D,14,l1,None,0.8,1.8,1.2,Normal,11694,240,NULL,240,Full
604,D,15,l1,None,0.8,1.8,1.2,Normal,11694,240,NULL,400,Full
605,D,16,l1,None,0.8,1.8,1.2,Normal,11752,42,NULL,600,Full
606,D,17,l1,None,0.8,1.8,1.2,Normal,11591,108,NULL,640,Full
607,D,18,l1,None,0.8,1.8,1.2,Normal,11671,240,NULL,800,Full
608,D,19,l1,None,0.8,1.8,1.2,Normal,11710,280,NULL,640,Full
609,D,20,l1,None,0.8,1.8,1.2,Normal,NULL,0,NULL,640,Full
610,D,21,l1,None,0.8,1.8,1.2,Normal,11670,300,NULL,560,Full
611,D,22,l1,None,0.8,1.8,1.2,Normal,11656,260,NULL,120,Full
612,D,23,l1,None,0.8,1.8,1.2,Normal,NULL,0,NULL,600,Full
613,D,24,l1,None,0.8,0,1.2,Normal,NULL,0,NULL,150,Full
614,E,1,l1,None,0.8,1.8,1.2,Normal,11524,120,NULL,640,Full
615,E,2,l1,None,0.8,1.8,1.2,Normal,11524,120,NULL,120,Full
616,E,3,l1,None,0.8,1.8,1.2,Normal,11077,60,NULL,640,Full
617,E,4,l1,None,0.8,1.8,1.2,Normal,11077,220,NULL,640,Full
618,E,5,l1,None,0.8,1.8,1.2,Normal,11524,120,NULL,440,Full
619,E,6,l1,None,0.8,1.8,1.2,Normal,10844,1280,NULL,440,Full
620,E,7,l1,None,0.8,1.8,1.2,Normal,11524,72,NULL,640,Full
621,E,8,l1,None,0.8,1.8,1.2,Normal,NULL,0,NULL,150,Full
622,E,9,l1,None,0.8,1.8,1.2,Normal,NULL,0,NULL,120,Full
623,E,10,l1,None,0.8,1.8,1.2,Normal,NULL,0,NULL,440,Full
624,E,11,l1,None,0.8,1.8,1.2,Normal,11354,144,NULL,144,Full
625,E,12,l1,None,0.8,1.8,1.2,Normal,11802,42,NULL,440,Full
626,E,13,l1,None,0.8,1.8,1.2,Normal,11354,144,NULL,144,Full
627,E,14,l1,None,0.8,1.8,1.2,Normal,11802,120,NULL,640,Full
628,E,15,l1,None,0.8,1.8,1.2,Normal,NULL,0,NULL,440,Full
629,E,16,l1,None,0.8,1.8,1.2,Normal,11990,260,NULL,440,Full
630,E,17,l1,None,0.8,1.8,1.2,Normal,NULL,0,NULL,640,Full
632,E,19,l1,None,0.8,1.8,1.2,Normal,11798,60,NULL,120,Full
633,E,20,l1,None,0.8,1.8,1.2,Normal,11824,180,NULL,440,Full
634,E,21,l1,None,0.8,1.8,1.2,Normal,11168,560,NULL,560,Full
635,E,22,l1,None,0.8,1.8,1.2,Normal,NULL,0,NULL,640,Full
636,E,23,l1,None,0.8,1.8,1.2,Normal,NULL,0,NULL,640,Full
637,E,24,l1,None,0.8,1.8,1.2,Normal,NULL,0,NULL,640,Full
638,F,1,l1,None,0.8,1.8,1.2,Normal,11354,144,NULL,560,Full
639,F,2,l1,None,0.8,1.8,1.2,Normal,11354,144,NULL,144,Full
640,F,3,l1,None,0.8,1.8,1.2,Normal,11387,1920,NULL,120,Full
641,F,4,l1,None,0.8,1.8,1.2,Normal,11354,144,NULL,108,Full
642,F,5,l1,None,0.8,1.8,1.2,Normal,11354,144,NULL,144,Full
643,F,6,l1,None,0.8,1.8,1.2,Normal,11354,144,NULL,560,Full
644,F,7,l1,None,0.8,1.8,1.2,Normal,11354,144,NULL,144,Full
645,F,8,l1,None,0.8,1.8,1.2,Normal,11350,108,NULL,640,Full
646,F,9,l1,None,0.8,1.8,1.2,Normal,11350,108,NULL,200,Full
647,F,10,l1,None,0.8,1.8,1.2,Normal,11976,250,NULL,240,Full
648,F,11,l1,None,0.8,1.8,1.2,Normal,11354,144,NULL,640,Full
649,F,12,l1,None,0.8,1.8,1.2,Normal,11354,144,NULL,640,Full
650,F,13,l1,None,0.8,1.8,1.2,Normal,11411,880,NULL,560,Full
651,F,14,l1,None,0.8,1.8,1.2,Normal,11354,144,NULL,144,Full
652,F,15,l1,None,0.8,1.8,1.2,Normal,11354,144,NULL,360,Full
653,F,16,l1,None,0.8,1.8,1.2,Normal,11354,144,NULL,144,Full
654,F,17,l1,None,0.8,1.8,1.2,Normal,11948,180,NULL,400,Full
655,F,18,l1,None,0.8,1.8,1.2,Normal,11354,144,NULL,120,Full
656,F,19,l1,None,0.8,1.8,1.2,Normal,11616,66,NULL,120,Full
657,F,20,l1,None,0.8,1.8,1.2,Normal,11616,144,NULL,120,Full
658,F,21,l1,None,0.8,1.8,1.2,Normal,11354,144,NULL,120,Full
659,F,22,l1,None,0.8,1.8,1.2,Normal,11354,144,NULL,400,Full
660,F,23,l1,None,0.8,1.8,1.2,Normal,11350,90,NULL,120,Full
661,F,24,l1,None,0.8,1.8,1.2,Normal,11354,144,NULL,560,Full
662,F,25,l1,None,0.8,1.8,1.2,Normal,11354,144,NULL,120,Full
663,G,1,l1,None,0.8,1.8,1.2,Normal,NULL,0,NULL,560,Full
664,G,2,l1,None,0.8,1.8,1.2,Normal,NULL,0,NULL,120,Full
665,G,3,l1,None,0.8,1.8,1.2,Normal,NULL,0,NULL,640,Full
666,G,4,l1,None,0.8,1.8,1.2,Normal,11543,120,NULL,720,Full
667,G,5,l1,None,0.8,1.8,1.2,Normal,NULL,0,NULL,560,Full
668,G,6,l1,None,0.8,1.8,1.2,Normal,NULL,0,NULL,1200,Full
669,G,7,l1,None,0.8,1.8,1.2,Normal,12109,300,NULL,120,Full
670,G,8,l1,None,0.8,1.8,1.2,Normal,NULL,0,NULL,640,Full
671,G,9,l1,None,0.8,1.8,1.2,Normal,NULL,0,NULL,640,Full
672,G,10,l1,None,0.8,1.8,1.2,Normal,12114,260,NULL,120,Full
673,G,11,l1,None,0.8,1.8,1.2,Normal,12106,180,NULL,560,Full
674,G,12,l1,None,0.8,1.8,1.2,Normal,11804,120,NULL,120,Full
675,G,13,l1,None,0.8,1.8,1.2,Normal,NULL,0,NULL,120,Full
676,G,14,l1,None,0.8,1.8,1.2,Normal,11798,120,NULL,120,Full
677,G,15,l1,None,0.8,1.8,1.2,Normal,11429,18,NULL,120,Full
678,G,16,l1,None,0.8,1.8,1.2,Normal,11525,120,NULL,144,Full
679,G,17,l1,None,0.8,1.8,1.2,Normal,11525,120,NULL,144,Full
680,G,18,l1,None,0.8,1.8,1.2,Normal,11525,120,NULL,144,Full
681,G,19,l1,None,0.8,1.8,1.2,Normal,11798,120,NULL,120,Full
682,G,20,l1,None,0.8,1.8,1.2,Normal,11567,280,NULL,560,Full
683,G,21,l1,None,0.8,1.8,1.2,Normal,11168,560,NULL,560,Full
684,G,22,l1,None,0.8,1.8,1.2,Normal,11529,1920,NULL,2400,Full
685,H,1,l1,None,0.8,1.8,1.2,Normal,11673,400,NULL,640,Full
686,H,2,l1,None,0.8,1.8,1.2,Normal,11673,400,NULL,420,Full
687,H,3,l1,None,0.8,1.8,1.2,Normal,11673,400,NULL,360,Full
688,H,4,l1,None,0.8,1.8,1.2,Normal,11673,400,NULL,400,Full
689,H,5,l1,None,0.8,1.8,1.2,Normal,NULL,0,NULL,450,Full
690,H,6,l1,None,0.8,1.8,1.2,Normal,11673,380,NULL,400,Full
691,H,7,l1,None,0.8,1.8,1.2,Normal,NULL,0,NULL,400,Full
692,H,8,l1,None,0.8,1.8,1.2,Normal,11168,400,NULL,560,Full
693,H,9,l1,None,0.8,1.8,1.2,Normal,NULL,0,NULL,560,Full
694,H,10,l1,None,0.8,1.8,1.2,Normal,12120,320,NULL,150,Full
695,H,11,l1,None,0.8,1.8,1.2,Normal,NULL,0,NULL,120,Full
696,H,12,l1,None,0.8,1.8,1.2,Normal,NULL,0,NULL,500,Full
697,H,13,l1,None,0.8,1.8,1.2,Normal,NULL,0,NULL,320,Full
698,H,14,l1,None,0.8,1.8,1.2,Normal,11485,380,NULL,640,Full
699,H,15,l1,None,0.8,1.8,1.2,Normal,NULL,0,NULL,560,Full
700,H,16,l1,None,0.8,1.8,1.2,Normal,NULL,0,NULL,600,Full
701,H,17,l1,None,0.8,1.8,1.2,Normal,NULL,0,NULL,600,Full
702,H,18,l1,None,0.8,1.8,1.2,Normal,NULL,0,NULL,560,Full
703,H,19,l1,None,0.8,1.8,1.2,Normal,NULL,0,NULL,108,Full
704,H,20,l1,None,0.8,1.8,1.2,Normal,NULL,0,NULL,500,Full
705,H,21,l1,None,0.8,1.8,1.2,Normal,11611,96,NULL,108,Full
706,H,22,l1,None,0.8,1.8,1.2,Normal,NULL,0,NULL,108,Full
707,H,23,l1,None,0.8,1.8,1.2,Normal,11804,114,NULL,120,Full
708,H,24,l1,None,0.8,1.8,1.2,Normal,NULL,0,NULL,108,Full
709,I,1,l1,None,0.8,1.8,1.2,Normal,NULL,0,NULL,120,Full
710,I,2,l1,None,0.8,1.8,1.2,Normal,21713,400,NULL,480,Full
711,I,3,l1,None,0.8,1.8,1.2,Normal,11685,220,NULL,360,Full
712,I,4,l1,None,0.8,1.8,1.2,Normal,NULL,0,NULL,450,Full
713,I,5,l1,None,0.8,1.8,1.2,Normal,11516,280,NULL,120,Full
714,I,6,l1,None,0.8,1.8,1.2,Normal,11730,80,NULL,320,Full
715,I,7,l1,None,0.8,1.8,1.2,Normal,NULL,0,NULL,450,Full
716,I,8,l1,None,0.8,1.8,1.2,Normal,11663,70,NULL,120,Full
717,I,9,l1,None,0.8,1.8,1.2,Normal,11644,340,NULL,530,Full
718,I,10,l1,None,0.8,1.8,1.2,Normal,NULL,0,NULL,600,Full
719,I,11,l1,None,0.8,1.8,1.2,Normal,11665,600,NULL,600,Full
720,I,12,l1,None,0.8,1.8,1.2,Normal,NULL,0,NULL,200,Full
721,I,13,l1,None,0.8,1.8,1.2,Normal,NULL,0,NULL,200,Full
722,I,14,l1,None,0.8,1.8,1.2,Normal,NULL,0,NULL,450,Full
723,I,15,l1,None,0.8,1.8,1.2,Normal,NULL,0,NULL,600,Full
724,I,16,l1,None,0.8,1.8,1.2,Normal,NULL,0,NULL,120,Full
725,I,17,l1,None,0.8,1.8,1.2,Normal,NULL,0,NULL,360,Full
726,I,18,l1,None,0.8,1.8,1.2,Normal,NULL,0,NULL,108,Full
727,I,19,l1,None,0.8,1.8,1.2,Normal,NULL,0,NULL,640,Full
728,I,20,l1,None,0.8,1.8,1.2,Normal,NULL,0,NULL,500,Full
729,I,21,l1,None,0.8,1.8,1.2,Normal,11615,96,NULL,0,Full
730,I,22,l1,None,0.8,1.8,1.2,Normal,12057,220,NULL,120,Full
731,I,23,l1,None,0.8,1.8,1.2,Normal,11167,640,NULL,640,Full
732,I,24,l1,None,0.8,1.8,1.2,Normal,11167,640,NULL,440,Full
733,J,1,l1,None,0.8,1.8,1.2,Normal,11754,600,NULL,120,Full
734,J,2,l1,None,0.8,1.8,1.2,Normal,NULL,0,NULL,120,Full
735,J,3,l1,None,0.8,1.8,1.2,Normal,NULL,0,NULL,150,Full
736,J,4,l1,None,0.8,1.8,1.2,Normal,NULL,0,NULL,450,Full
737,J,5,l1,None,0.8,1.8,1.2,Normal,NULL,0,NULL,300,Full
738,J,6,l1,None,0.8,1.8,1.2,Normal,NULL,0,NULL,500,Full
739,J,7,l1,None,0.8,1.8,1.2,Normal,NULL,0,NULL,120,Full
740,J,8,l1,None,0.8,1.8,1.2,Normal,NULL,0,NULL,108,Full
741,J,9,l1,None,0.8,1.8,1.2,Normal,11607,600,NULL,120,Full
742,J,10,l1,None,0.8,1.8,1.2,Normal,11804,120,NULL,120,Full
743,J,11,l1,None,0.8,1.8,1.2,Normal,11739,220,NULL,800,Full
744,J,12,l1,None,0.8,1.8,1.2,Normal,NULL,0,NULL,800,Full
745,J,13,l1,None,0.8,1.8,1.2,Normal,11989,300,NULL,150,Full
746,J,14,l1,None,0.8,1.8,1.2,Normal,NULL,0,NULL,120,Full
747,J,15,l1,None,0.8,1.8,1.2,Normal,NULL,0,NULL,440,Full
748,J,16,l1,None,0.8,1.8,1.2,Normal,11805,120,NULL,120,Full
749,J,17,l1,None,0.8,1.8,1.2,Normal,NULL,0,NULL,440,Full
750,J,18,l1,None,0.8,1.8,1.2,Normal,11837,360,NULL,440,Full
751,J,19,l1,None,0.8,1.8,1.2,Normal,NULL,0,NULL,120,Full
752,J,20,l1,None,0.8,1.8,1.2,Normal,NULL,0,NULL,150,Full
753,J,21,l1,None,0.8,1.8,1.2,Normal,NULL,0,NULL,440,Full
754,J,22,l1,None,0.8,1.8,1.2,Normal,11818,80,NULL,280,Full
755,J,23,l1,None,0.8,1.8,1.2,Normal,NULL,0,NULL,108,Full
756,J,24,l1,None,0.8,1.8,1.2,Normal,NULL,0,NULL,108,Full
757,J,25,l1,None,0.8,1.8,1.2,Normal,NULL,0,NULL,440,Full
758,J,26,l1,None,0.8,1.8,1.2,Normal,NULL,0,NULL,108,Full
759,J,27,l1,None,0.8,1.8,1.2,Normal,11957,360,NULL,108,Full
760,K,1,l1,None,0.8,1.8,1.2,Normal,NULL,0,NULL,880,Full
761,K,2,l1,None,0.8,1.8,1.2,Normal,12059,320,NULL,560,Full
762,K,3,l1,None,0.8,1.8,1.2,Normal,12051,90,NULL,120,Full
763,K,4,l1,None,0.8,1.8,1.2,Normal,NULL,0,NULL,120,Full
764,K,5,l1,None,0.8,1.8,1.2,Normal,11716,140,NULL,360,Full
765,K,6,l1,None,0.8,1.8,1.2,Normal,NULL,0,NULL,640,Full
766,K,7,l1,None,0.8,1.8,1.2,Normal,NULL,0,NULL,640,Full
767,K,8,l1,None,0.8,1.8,1.2,Normal,NULL,0,NULL,120,Full
768,K,9,l1,None,0.8,1.8,1.2,Normal,11665,600,NULL,120,Full
769,K,10,l1,None,0.8,1.8,1.2,Normal,NULL,0,NULL,120,Full
770,K,11,l1,None,0.8,1.8,1.2,Normal,11986,200,NULL,800,Full
771,K,12,l1,None,0.8,1.8,1.2,Normal,11766,220,NULL,460,Full
772,K,13,l1,None,0.8,1.8,1.2,Normal,NULL,0,NULL,108,Full
773,K,14,l1,None,0.8,1.8,1.2,Normal,10645,360,NULL,108,Full
774,K,15,l1,None,0.8,1.8,1.2,Normal,NULL,0,NULL,108,Full
775,K,16,l1,None,0.8,1.8,1.2,Normal,11766,400,NULL,460,Full
776,K,17,l1,None,0.8,1.8,1.2,Normal,11582,240,NULL,640,Full
777,K,18,l1,None,0.8,1.8,1.2,Normal,NULL,0,NULL,120,Full
778,K,19,l1,None,0.8,1.8,1.2,Normal,NULL,0,NULL,120,Full
779,K,20,l1,None,0.8,1.8,1.2,Normal,NULL,0,NULL,500,Full
780,K,21,l1,None,0.8,1.8,1.2,Normal,11907,180,NULL,500,Full
781,K,22,l1,None,0.8,1.8,1.2,Normal,11579,200,NULL,120,Full
782,K,23,l1,None,0.8,1.8,1.2,Normal,11456,50,NULL,280,Full
783,K,24,l1,None,0.8,1.8,1.2,Normal,11456,280,NULL,280,Full
784,K,25,l1,None,0.8,1.8,1.2,Normal,11923,300,NULL,560,Full
785,K,26,l1,None,0.8,1.8,1.2,Normal,11926,150,NULL,120,Full
786,K,27,l1,None,0.8,1.8,1.2,Normal,11944,500,NULL,120,Full
787,L,1,l1,None,0.8,1.8,1.2,Normal,NULL,0,NULL,500,Full
788,L,2,l1,None,0.8,1.8,1.2,Normal,NULL,0,NULL,1400,Full
789,L,3,l1,None,0.8,1.8,1.2,Normal,11748,280,NULL,600,Full
790,L,4,l1,None,0.8,1.8,1.2,Normal,NULL,0,NULL,880,Full
791,L,5,l1,None,0.8,1.8,1.2,Normal,NULL,0,NULL,400,Full
792,L,6,l1,None,0.8,1.8,1.2,Normal,12013,600,NULL,880,Full
793,L,7,l1,None,0.8,1.8,1.2,Normal,NULL,0,NULL,400,Full
794,L,8,l1,None,0.8,1.8,1.2,Normal,NULL,0,NULL,440,Full
795,L,9,l1,None,0.8,1.8,1.2,Normal,11635,1120,NULL,240,Full
796,L,10,l1,None,0.8,1.8,1.2,Normal,NULL,0,NULL,480,Full
797,L,11,l1,None,0.8,1.8,1.2,Normal,NULL,0,NULL,460,Full
798,L,12,l1,None,0.8,1.8,1.2,Normal,11766,400,NULL,460,Full
799,L,13,l1,None,0.8,1.8,1.2,Normal,NULL,0,NULL,150,Full
800,L,14,l1,None,0.8,1.8,1.2,Normal,NULL,0,NULL,108,Full
801,L,15,l1,None,0.8,1.8,1.2,Normal,NULL,0,NULL,108,Full
802,L,16,l1,None,0.8,1.8,1.2,Normal,11590,108,NULL,108,Full
803,L,17,l1,None,0.8,1.8,1.2,Normal,11590,108,NULL,108,Full
804,L,18,l1,None,0.8,1.8,1.2,Normal,NULL,0,NULL,108,Full
805,L,19,l1,None,0.8,1.8,1.2,Normal,NULL,0,NULL,108,Full
806,L,20,l1,None,0.8,1.8,1.2,Normal,NULL,0,NULL,108,Full
807,L,21,l1,None,0.8,1.8,1.2,Normal,NULL,0,NULL,108,Full
808,L,22,l1,None,0.8,1.8,1.2,Normal,NULL,0,NULL,108,Full
809,L,23,l1,None,0.8,1.8,1.2,Normal,NULL,0,NULL,108,Full
810,L,24,l1,None,0.8,1.8,1.2,Normal,NULL,0,NULL,108,Full
811,L,25,l1,None,0.8,1.8,1.2,Normal,11654,150,NULL,150,Full
812,L,26,l1,None,0.8,1.8,1.2,Normal,11654,150,NULL,150,Full
813,L,27,l1,None,0.8,1.8,1.2,Normal,11654,150,NULL,150,Full
814,L,28,l1,None,0.8,1.8,1.2,Normal,NULL,0,NULL,108,Full
815,L,29,l1,None,0.8,1.8,1.2,Normal,11643,160,NULL,150,Full
816,L,30,l1,None,0.8,1.8,1.2,Normal,11805,72,NULL,120,Full
817,L,31,l1,None,0.8,1.8,1.2,Normal,NULL,0,NULL,0,Full
818,L,32,l1,None,0.8,1.8,1.2,Normal,11652,380,NULL,320,Full
819,L,33,l1,None,0.8,1.8,1.2,Normal,11954,80,NULL,600,Full
820,A,1,l2,None,0.8,1.8,1.2,Normal,11304,180,NULL,360,Full
821,A,2,l2,None,0.8,1.8,1.2,Normal,11304,156,NULL,108,Full
822,A,3,l2,None,0.8,1.8,1.2,Normal,11264,240,NULL,1000,Full
823,A,4,l2,None,0.8,1.8,1.2,Normal,11903,960,NULL,960,Full
824,A,5,l2,None,0.8,1.8,1.2,Normal,11501,180,NULL,150,Full
825,A,6,l2,None,0.8,1.8,1.2,Normal,11902,450,NULL,120,Full
826,A,7,l2,None,0.8,1.5,1.2,Normal,11653,200,NULL,150,Full
827,A,8,l2,None,0.8,1.8,1.2,Normal,11305,180,NULL,440,Full
828,A,9,l2,None,0.8,1.8,1.2,Normal,11794,90,NULL,144,Full
829,A,10,l2,None,0.8,1.8,1.2,Normal,11679,380,NULL,120,Full
830,A,11,l2,None,0.8,1.8,1.2,Normal,11620,12,NULL,120,Full
831,A,12,l2,None,0.8,1.8,1.2,Normal,11305,180,NULL,600,Full
832,A,13,l2,None,0.8,1.8,1.2,Normal,11811,72,NULL,120,Full
833,A,14,l2,None,0.8,1.8,1.2,Normal,11669,150,NULL,150,Full
834,A,15,l2,None,0.8,1.5,1.2,Normal,11924,200,NULL,450,Full
835,A,16,l2,None,0.8,1.8,1.2,Normal,10716,1600,NULL,600,Full
836,A,17,l2,None,0.8,1.8,1.2,Normal,NULL,0,NULL,560,Full
837,A,18,l2,None,0.8,1.8,1.2,Normal,11619,80,NULL,600,Full
838,A,19,l2,None,0.8,1.8,1.2,Normal,11952,220,NULL,400,Full
839,A,20,l2,None,0.8,1.8,1.2,Normal,11811,120,NULL,120,Full
840,A,21,l2,None,0.8,1.8,1.2,Normal,11908,1160,NULL,2400,Full
841,A,22,l2,None,0.8,1.8,1.2,Normal,12140,1600,NULL,150,Full
842,A,23,l2,None,0.8,1.5,1.2,Normal,11657,120,NULL,600,Full
843,A,24,l2,None,0.8,1.8,1.2,Normal,11305,162,NULL,2560,Full
844,A,25,l2,None,0.8,1.8,1.2,Normal,11968,150,NULL,150,Full
845,A,26,l2,None,0.8,1.8,1.2,Normal,11953,400,NULL,400,Full
846,A,27,l2,None,0.8,1.8,1.2,Normal,NULL,0,NULL,560,Full
847,A,28,l2,None,0.8,1.8,1.2,Normal,11947,120,NULL,600,Full
848,A,29,l2,None,0.8,1.8,1.2,Normal,11167,640,NULL,600,Full
849,A,30,l2,None,0.8,1.8,1.2,Normal,11968,150,NULL,150,Full
850,B,1,l2,None,0.8,1.8,1.2,Normal,NULL,0,NULL,1280,Full
851,B,2,l2,None,0.8,1.8,1.2,Normal,10839,260,NULL,440,Full
852,B,3,l2,None,0.8,1.8,1.2,Normal,NULL,0,NULL,120,Full
853,B,4,l2,None,0.8,1.8,1.2,Normal,NULL,0,NULL,440,Full
854,B,5,l2,None,0.8,1.5,1.2,Normal,11827,240,NULL,150,Full
855,B,6,l2,None,0.8,1.8,1.2,Normal,11560,60,NULL,120,Full
856,B,7,l2,None,0.8,1.8,1.2,Normal,10914,640,NULL,1280,Full
857,B,8,l2,None,0.8,1.8,1.2,Normal,11576,120,NULL,440,Full
858,B,9,l2,None,0.8,1.8,1.2,Normal,10914,640,NULL,1280,Full
859,B,10,l2,None,0.8,1.8,1.2,Normal,10914,1280,NULL,1280,Full
860,B,11,l2,None,0.8,1.8,1.2,Normal,11019,700,NULL,700,Full
861,B,12,l2,None,0.8,1.8,1.2,Normal,11204,220,NULL,252,Full
862,B,13,l2,None,0.8,1.5,1.2,Normal,NULL,0,NULL,600,Full
863,B,14,l2,None,0.8,1.8,1.2,Normal,11810,90,NULL,120,Full
864,B,15,l2,None,0.8,1.8,1.2,Normal,11353,120,NULL,120,Full
865,B,16,l2,None,0.8,1.8,1.2,Normal,NULL,0,NULL,220,Full
866,B,17,l2,None,0.8,1.8,1.2,Normal,NULL,0,NULL,120,Full
867,B,18,l2,None,0.8,1.8,1.2,Normal,NULL,0,NULL,700,Full
868,B,19,l2,None,0.8,1.8,1.2,Normal,NULL,0,NULL,150,Full
869,B,20,l2,None,0.8,1.8,1.2,Normal,11642,120,NULL,150,Full
870,B,21,l2,None,0.8,1.8,1.2,Normal,11394,200,NULL,440,Full
871,B,22,l2,None,0.8,1.5,1.2,Normal,12067,260,NULL,280,Full
872,B,23,l2,None,0.8,1.8,1.2,Normal,11649,120,NULL,150,Full
873,B,24,l2,None,0.8,1.8,1.2,Normal,11810,120,NULL,120,Full
874,B,25,l2,None,0.8,1.8,1.2,Normal,11449,320,NULL,120,Full
875,B,26,l2,None,0.8,1.8,1.2,Normal,11626,240,NULL,240,Full
876,B,27,l2,None,0.8,1.8,1.2,Normal,11968,150,NULL,150,Full
877,B,28,l2,None,0.8,1.8,1.2,Normal,11449,320,NULL,150,Full
878,B,29,l2,None,0.8,1.8,1.2,Normal,12068,260,NULL,120,Full
879,B,30,l2,None,0.8,1.5,1.2,Normal,NULL,0,NULL,640,Full
880,C,1,l2,None,0.8,1.8,1.2,Normal,11444,360,NULL,1000,Full
881,C,2,l2,None,0.8,1.8,1.2,Normal,11591,108,NULL,108,Full
882,C,3,l2,None,0.8,1.8,1.2,Normal,11503,50,NULL,144,Full
883,C,4,l2,None,0.8,1.8,1.2,Normal,11626,240,NULL,150,Full
884,C,5,l2,None,0.8,1.5,1.2,Normal,NULL,0,NULL,120,Full
885,C,6,l2,None,0.8,1.8,1.2,Normal,11451,80,NULL,150,Full
886,C,7,l2,None,0.8,1.8,1.2,Normal,11526,18,NULL,120,Full
887,C,8,l2,None,0.8,1.8,1.2,Normal,12174,72,NULL,150,Full
888,C,9,l2,None,0.8,1.8,1.2,Normal,11454,120,NULL,150,Full
889,C,10,l2,None,0.8,1.8,1.2,Normal,11569,280,NULL,280,Full
890,C,11,l2,None,0.8,1.8,1.2,Normal,11526,120,NULL,120,Full
891,C,12,l2,None,0.8,1.8,1.2,Normal,11503,280,NULL,280,Full
892,C,13,l2,None,0.8,1.5,1.2,Normal,11364,156,NULL,400,Full
893,C,14,l2,None,0.8,1.8,1.2,Normal,11506,90,NULL,280,Full
894,C,15,l2,None,0.8,1.8,1.2,Normal,11642,120,NULL,150,Full
895,C,16,l2,None,0.8,1.8,1.2,Normal,12174,72,NULL,150,Full
896,C,17,l2,None,0.8,1.8,1.2,Normal,11506,280,NULL,280,Full
897,C,18,l2,None,0.8,1.8,1.2,Normal,12174,72,-9999,1000,Full
898,C,19,l2,None,0.8,1.8,1.2,Normal,11593,260,NULL,144,Full
899,C,20,l2,None,0.8,1.8,1.2,Normal,11181,240,NULL,120,Full
900,C,21,l2,None,0.8,1.8,1.2,Normal,12174,72,NULL,150,Full
901,C,22,l2,None,0.8,1.5,1.2,Normal,12174,54,NULL,150,Full
902,C,23,l2,None,0.8,1.8,1.2,Normal,NULL,0,NULL,150,Full
903,C,24,l2,None,0.8,1.8,1.2,Normal,NULL,0,NULL,150,Full
904,C,25,l2,None,0.8,1.8,1.2,Normal,11578,144,NULL,440,Full
905,C,26,l2,None,0.8,1.8,1.2,Normal,12166,340,NULL,320,Full
906,C,27,l2,None,0.8,1.8,1.2,Normal,11672,30,NULL,120,Full
907,C,28,l2,None,0.8,1.8,1.2,Normal,11911,90,NULL,120,Full
908,C,29,l2,None,0.8,1.8,1.2,Normal,11626,240,NULL,144,Full
909,C,30,l2,None,0.8,1.5,1.2,Normal,11913,90,NULL,280,Full
910,D,1,l2,None,0.8,1.8,1.2,Normal,11752,108,NULL,200,Full
911,D,2,l2,None,0.8,1.5,1.2,Normal,11690,180,NULL,320,Full
912,D,3,l2,None,0.8,1.5,1.2,Normal,11402,1840,NULL,2240,Full
913,D,4,l2,None,0.8,1.8,1.2,Normal,11363,156,NULL,252,Full
914,D,5,l2,None,0.8,1.8,1.2,Normal,11579,200,NULL,200,Full
915,D,6,l2,None,0.8,1.8,1.2,Normal,11591,108,NULL,108,Full
916,D,7,l2,None,0.8,1.8,1.2,Normal,11724,240,NULL,400,Full
917,D,8,l2,None,0.8,1.8,1.2,Normal,11690,220,NULL,600,Full
918,D,9,l2,None,0.8,1.8,1.2,Normal,11752,108,NULL,640,Full
919,D,10,l2,None,0.8,1.8,1.2,Normal,11649,120,NULL,150,Full
920,D,11,l2,None,0.8,1.5,1.2,Normal,11686,400,NULL,640,Full
921,D,12,l2,None,0.8,1.8,1.2,Normal,11694,240,NULL,2240,Full
922,D,13,l2,None,0.8,1.8,1.2,Normal,11700,144,NULL,160,Full
923,D,14,l2,None,0.8,1.8,1.2,Normal,11700,144,NULL,400,Full
924,D,15,l2,None,0.8,1.8,1.2,Normal,11591,108,NULL,108,Full
925,D,16,l2,None,0.8,1.8,1.2,Normal,11694,70,NULL,220,Full
926,D,17,l2,None,0.8,1.8,1.2,Normal,11700,144,NULL,450,Full
927,D,18,l2,None,0.8,1.8,1.2,Normal,12167,340,NULL,220,Full
928,D,19,l2,None,0.8,1.8,1.2,Normal,11077,220,NULL,640,Full
929,D,20,l2,None,0.8,1.8,1.2,Normal,11077,220,NULL,640,Full
930,D,21,l2,None,0.8,1.8,1.2,Normal,11648,150,NULL,320,Full
931,D,22,l2,None,0.8,1.5,1.2,Normal,NULL,0,NULL,560,Full
932,D,23,l2,None,0.8,1.8,1.2,Normal,11576,120,NULL,120,Full
933,D,24,l2,None,0.8,0,1.2,Normal,NULL,0,NULL,120,Full
934,E,1,l2,None,0.8,1.8,1.2,Normal,NULL,0,NULL,220,Full
935,E,2,l2,None,0.8,1.5,1.2,Normal,NULL,0,NULL,220,Full
936,E,3,l2,None,0.8,1.8,1.2,Normal,11077,220,NULL,640,Full
937,E,4,l2,None,0.8,1.8,1.2,Normal,NULL,0,NULL,640,Full
938,E,5,l2,None,0.8,1.8,1.2,Normal,11691,20,NULL,120,Full
939,E,6,l2,None,0.8,1.8,1.2,Normal,NULL,0,NULL,640,Full
940,E,7,l2,None,0.8,1.8,1.2,Normal,11715,100,NULL,640,Full
941,E,8,l2,None,0.8,1.8,1.2,Normal,10789,420,NULL,600,Full
942,E,9,l2,None,0.8,1.8,1.2,Normal,10844,1120,NULL,320,Full
943,E,10,l2,None,0.8,1.8,1.2,Normal,NULL,0,NULL,220,Full
944,E,11,l2,None,0.8,1.5,1.2,Normal,NULL,0,NULL,2240,Full
945,E,12,l2,None,0.8,1.8,1.2,Normal,NULL,0,NULL,640,Full
946,E,13,l2,None,0.8,1.8,1.2,Normal,11589,108,NULL,108,Full
947,E,14,l2,None,0.8,1.8,1.2,Normal,11589,108,NULL,108,Full
948,E,15,l2,None,0.8,1.8,1.2,Normal,11589,108,NULL,108,Full
949,E,16,l2,None,0.8,1.8,1.2,Normal,-9999,0,-9999,240,Full
950,E,17,l2,None,0.8,1.8,1.2,Normal,11693,260,NULL,640,Full
951,E,18,l2,None,0.8,1.8,1.2,Normal,10844,1120,NULL,108,Full
952,E,19,l2,None,0.8,1.5,1.2,Normal,11168,440,NULL,560,Full
953,E,20,l2,None,0.8,1.8,1.2,Normal,NULL,0,NULL,240,Full
954,E,21,l2,None,0.8,1.8,1.2,Normal,NULL,0,NULL,640,Full
955,E,22,l2,None,0.8,1.5,1.2,Normal,NULL,0,NULL,240,Full
956,E,23,l2,None,0.8,1.8,1.2,Normal,-9999,0,-9999,240,Full
957,E,24,l2,None,0.8,1.8,1.2,Normal,11649,40,NULL,150,Full
958,F,1,l2,None,0.8,1.8,1.2,Normal,11422,50,NULL,320,Full
959,F,2,l2,None,0.8,1.8,1.2,Normal,NULL,0,NULL,2240,Full
960,F,3,l2,None,0.8,1.8,1.2,Normal,11447,20,NULL,560,Full
961,F,4,l2,None,0.8,1.8,1.2,Normal,11447,320,NULL,108,Full
962,F,5,l2,None,0.8,1.4,1.2,Normal,11354,108,NULL,560,Full
963,F,6,l2,None,0.8,1.4,1.2,Normal,11738,100,NULL,400,Full
964,F,7,l2,None,0.8,1.4,1.2,Normal,11354,108,NULL,560,Full
965,F,8,l2,None,0.8,1.4,1.2,Normal,11354,90,NULL,560,Full
966,F,9,l2,None,0.8,1.4,1.2,Normal,11265,260,NULL,560,Full
967,F,10,l2,None,0.8,1.4,1.2,Normal,11263,300,NULL,640,Full
968,F,11,l2,None,0.8,1.4,1.2,Normal,11993,40,NULL,440,Full
969,F,12,l2,None,0.8,1.4,1.2,Normal,NULL,0,NULL,2240,Full
970,F,13,l2,None,0.8,1.4,1.2,Normal,NULL,0,NULL,640,Full
971,F,14,l2,None,0.8,1.4,1.2,Normal,NULL,0,NULL,560,Full
972,F,15,l2,None,0.8,1.4,1.2,Normal,NULL,0,NULL,120,Full
973,F,16,l2,None,0.8,1.4,1.2,Normal,11955,300,NULL,440,Full
974,F,17,l2,None,0.8,1.4,1.2,Normal,11956,300,NULL,640,Full
975,F,18,l2,None,0.8,1.2,1.2,Normal,NULL,0,NULL,440,Full
976,F,19,l2,None,0.8,1.4,1.2,Normal,NULL,0,NULL,144,Full
977,F,20,l2,None,0.8,1.4,1.2,Normal,NULL,0,NULL,220,Full
978,F,21,l2,None,0.8,1.4,1.2,Normal,NULL,0,NULL,600,Full
979,F,22,l2,None,0.8,1.4,1.2,Normal,NULL,0,NULL,560,Full
980,F,23,l2,None,0.8,1.4,1.2,Normal,12076,320,NULL,560,Full
981,F,24,l2,None,0.8,1.4,1.2,Normal,11354,108,NULL,144,Full
982,F,25,l2,None,0.8,1.4,1.2,Normal,12081,40,NULL,560,Full
983,G,1,l2,None,0.8,1.8,1.2,Normal,11429,120,NULL,120,Full
984,G,2,l2,None,0.8,1.5,1.2,Normal,11804,96,NULL,120,Full
985,G,3,l2,None,0.8,1.8,1.2,Normal,NULL,0,NULL,640,Full
986,G,4,l2,None,0.8,1.8,1.2,Normal,11804,120,NULL,120,Full
987,G,5,l2,None,0.8,1.8,1.2,Normal,11525,120,NULL,144,Full
988,G,6,l2,None,0.8,1.8,1.2,Normal,NULL,0,NULL,500,Full
989,G,7,l2,None,0.8,1.8,1.2,Normal,NULL,0,NULL,500,Full
990,G,8,l2,None,0.8,1.8,1.2,Normal,NULL,0,NULL,600,Full
991,G,9,l2,None,0.8,1.8,1.2,Normal,NULL,0,NULL,120,Full
992,G,10,l2,None,0.8,1.5,1.2,Normal,12116,260,NULL,400,Full
993,G,11,l2,None,0.8,1.8,1.2,Normal,11525,120,NULL,144,Full
994,G,12,l2,None,0.8,1.8,1.2,Normal,11429,120,NULL,120,Full
995,G,13,l2,None,0.8,1.8,1.2,Normal,11354,144,NULL,144,Full
996,G,14,l2,None,0.8,1.5,1.2,Normal,NULL,0,NULL,500,Full
997,G,15,l2,None,0.8,1.8,1.2,Normal,NULL,0,NULL,120,Full
998,G,16,l2,None,0.8,1.8,1.2,Normal,NULL,0,NULL,420,Full
999,G,17,l2,None,0.8,1.8,1.2,Normal,11525,120,NULL,144,Full
1000,G,18,l2,None,0.8,1.8,1.2,Normal,11525,120,NULL,144,Full
1001,G,19,l2,None,0.8,1.8,1.2,Normal,11517,520,NULL,150,Full
1002,G,20,l2,None,0.8,1.8,1.2,Normal,NULL,0,NULL,1920,Full
1003,G,21,l2,None,0.8,1.8,1.2,Normal,NULL,0,NULL,120,Full
1004,G,22,l2,None,0.8,1.8,1.2,Normal,NULL,0,NULL,150,Full
1005,H,1,l2,None,0.8,1.8,1.2,Normal,11528,24,NULL,120,Full
1006,H,2,l2,None,0.8,1.8,1.2,Normal,NULL,0,NULL,120,Full
1007,H,3,l2,None,0.8,1.8,1.2,Normal,11751,36,NULL,580,Full
1008,H,4,l2,None,0.8,1.8,1.2,Normal,11457,108,NULL,108,Full
1009,H,5,l2,None,0.8,1.8,1.2,Normal,NULL,0,NULL,120,Full
1010,H,6,l2,None,0.8,1.8,1.2,Normal,NULL,0,NULL,120,Full
1011,H,7,l2,None,0.8,1.5,1.2,Normal,NULL,0,NULL,560,Full
1012,H,8,l2,None,0.8,1.8,1.2,Normal,NULL,0,NULL,220,Full
1013,H,9,l2,None,0.8,1.8,1.2,Normal,NULL,0,NULL,108,Full
1014,H,10,l2,None,0.8,1.8,1.2,Normal,NULL,0,NULL,500,Full
1015,H,11,l2,None,0.8,1.8,1.2,Normal,NULL,0,NULL,108,Full
1016,H,12,l2,None,0.8,1.8,1.2,Normal,NULL,0,NULL,240,Full
1017,H,13,l2,None,0.8,1.8,1.2,Normal,NULL,0,NULL,640,Full
1018,H,14,l2,None,0.8,1.8,1.2,Normal,NULL,0,NULL,320,Full
1019,H,15,l2,None,0.8,1.5,1.2,Normal,11485,400,NULL,500,Full
1020,H,16,l2,None,0.8,1.8,1.2,Normal,NULL,0,NULL,320,Full
1021,H,17,l2,None,0.8,1.8,1.2,Normal,NULL,0,NULL,108,Full
1022,H,18,l2,None,0.8,1.8,1.2,Normal,NULL,0,NULL,560,Full
1023,H,19,l2,None,0.8,1.8,1.2,Normal,NULL,0,NULL,108,Full
1024,H,20,l2,None,0.8,1.8,1.2,Normal,NULL,0,NULL,108,Full
1025,H,21,l2,None,0.8,1.8,1.2,Normal,11168,480,NULL,560,Full
1026,H,22,l2,None,0.8,1.8,1.2,Normal,11611,108,NULL,108,Full
1027,H,23,l2,None,0.8,1.5,1.2,Normal,12121,320,NULL,600,Full
1028,H,24,l2,None,0.8,1.8,1.2,Normal,NULL,0,NULL,108,Full
1029,I,1,l2,None,0.8,1.8,1.2,Normal,11805,120,NULL,120,Full
1030,I,2,l2,None,0.8,1.8,1.2,Normal,21713,100,NULL,440,Full
1031,I,3,l2,None,0.8,1.8,1.2,Normal,NULL,0,NULL,600,Full
1032,I,4,l2,None,0.8,1.8,1.2,Normal,NULL,0,NULL,450,Full
1033,I,5,l2,None,0.8,1.8,1.2,Normal,11709,400,NULL,400,Full
1034,I,6,l2,None,0.8,1.8,1.2,Normal,NULL,0,NULL,530,Full
1035,I,7,l2,None,0.8,1.8,1.2,Normal,NULL,0,NULL,440,Full
1036,I,8,l2,None,0.8,1.8,1.2,Normal,11749,240,NULL,240,Full
1037,I,9,l2,None,0.8,1.8,1.2,Normal,-9999,0,-9999,360,Full
1038,I,10,l2,None,0.8,1.8,1.2,Normal,-9999,0,-9999,360,Full
1039,I,11,l2,None,0.8,1.8,1.2,Normal,NULL,0,NULL,360,Full
1040,I,12,l2,None,0.8,1.8,1.2,Normal,NULL,0,NULL,200,Full
1041,I,13,l2,None,0.8,1.8,1.2,Normal,11575,108,NULL,360,Full
1042,I,14,l2,None,0.8,1.8,1.2,Normal,11575,144,NULL,800,Full
1043,I,15,l2,None,0.8,1.8,1.2,Normal,11167,640,NULL,360,Full
1044,I,16,l2,None,0.8,1.8,1.2,Normal,11804,12,NULL,120,Full
1045,I,17,l2,None,0.8,1.8,1.2,Normal,11167,640,NULL,480,Full
1046,I,18,l2,None,0.8,1.8,1.2,Normal,11167,640,NULL,360,Full
1047,I,19,l2,None,0.8,1.8,1.2,Normal,11804,120,NULL,120,Full
1048,I,20,l2,None,0.8,1.8,1.2,Normal,NULL,0,NULL,200,Full
1049,I,21,l2,None,0.8,1.8,1.2,Normal,11167,640,NULL,440,Full
1050,I,22,l2,None,0.8,1.8,1.2,Normal,11615,120,NULL,800,Full
1051,I,23,l2,None,0.8,1.4,1.2,Normal,NULL,0,NULL,600,Full
1052,I,24,l2,None,0.8,1.8,1.2,Normal,11726,450,NULL,600,Full
1053,J,1,l2,None,0.8,1.8,1.2,Normal,NULL,0,NULL,150,Full
1054,J,2,l2,None,0.8,1.8,1.2,Normal,11595,440,NULL,150,Full
1055,J,3,l2,None,0.8,1.8,1.2,Normal,NULL,0,NULL,120,Full
1056,J,4,l2,None,0.8,1.8,1.2,Normal,NULL,0,NULL,120,Full
1057,J,5,l2,None,0.8,1.8,1.2,Normal,NULL,0,NULL,320,Full
1058,J,6,l2,None,0.8,1.8,1.2,Normal,NULL,0,NULL,240,Full
1059,J,7,l2,None,0.8,1.5,1.2,Normal,NULL,0,NULL,54,Full
1060,J,8,l2,None,0.8,1.8,1.2,Normal,NULL,0,NULL,150,Full
1061,J,9,l2,None,0.8,1.8,1.2,Normal,NULL,0,NULL,120,Full
1062,J,10,l2,None,0.8,1.8,1.2,Normal,11804,120,NULL,144,Full
1063,J,11,l2,None,0.8,1.8,1.2,Normal,NULL,0,NULL,144,Full
1064,J,12,l2,None,0.8,1.8,1.2,Normal,NULL,0,NULL,1600,Full
1065,J,13,l2,None,0.8,1.8,1.2,Normal,NULL,0,NULL,440,Full
1066,J,14,l2,None,0.8,1.8,1.2,Normal,11987,170,NULL,240,Full
1067,J,15,l2,None,0.8,1.5,1.2,Normal,NULL,0,NULL,440,Full
1068,J,16,l2,None,0.8,1.8,1.2,Normal,11988,80,NULL,120,Full
1069,J,17,l2,None,0.8,1.8,1.2,Normal,11808,96,NULL,120,Full
1070,J,18,l2,None,0.8,1.8,1.2,Normal,NULL,0,NULL,120,Full
1071,J,19,l2,None,0.8,1.8,1.2,Normal,10818,300,NULL,360,Full
1072,J,20,l2,None,0.8,1.8,1.2,Normal,NULL,0,NULL,600,Full
1073,J,21,l2,None,0.8,1.8,1.2,Normal,11838,360,NULL,440,Full
1074,J,22,l2,None,0.8,1.8,1.2,Normal,NULL,0,NULL,440,Full
1075,J,23,l2,None,0.8,1.5,1.2,Normal,11910,160,NULL,440,Full
1076,J,24,l2,None,0.8,1.8,1.2,Normal,NULL,0,NULL,144,Full
1077,J,25,l2,None,0.8,1.8,1.2,Normal,NULL,0,NULL,120,Full
1078,J,26,l2,None,0.8,1.8,1.2,Normal,12110,240,NULL,440,Full
1079,J,27,l2,None,0.8,1.8,1.2,Normal,NULL,0,NULL,440,Full
1080,K,1,l2,None,0.8,1.8,1.2,Normal,10761,240,NULL,500,Full
1081,K,2,l2,None,0.8,1.8,1.2,Normal,NULL,0,NULL,300,Full
1082,K,3,l2,None,0.8,1.8,1.2,Normal,11983,480,NULL,320,Full
1083,K,4,l2,None,0.8,1.8,1.2,Normal,11759,200,NULL,600,Full
1084,K,5,l2,None,0.8,1.8,1.2,Normal,NULL,0,NULL,640,Full
1085,K,6,l2,None,0.8,1.8,1.2,Normal,11505,220,NULL,240,Full
1086,K,7,l2,None,0.8,1.5,1.2,Normal,11831,680,NULL,260,Full
1087,K,8,l2,None,0.8,1.8,1.2,Normal,NULL,0,NULL,120,Full
1088,K,9,l2,None,0.8,1.8,1.2,Normal,NULL,0,NULL,600,Full
1089,K,10,l2,None,0.8,1.8,1.2,Normal,NULL,0,NULL,120,Full
1090,K,11,l2,None,0.8,1.8,1.2,Normal,NULL,0,NULL,120,Full
1091,K,12,l2,None,0.8,1.8,1.2,Normal,11992,270,NULL,320,Full
1092,K,13,l2,None,0.8,1.8,1.2,Normal,11589,108,NULL,108,Full
1093,K,14,l2,None,0.8,1.8,1.2,Normal,11589,108,NULL,108,Full
1094,K,15,l2,None,0.8,1.5,1.2,Normal,NULL,0,NULL,400,Full
1095,K,16,l2,None,0.8,1.8,1.2,Normal,NULL,0,NULL,500,Full
1096,K,17,l2,None,0.8,1.8,1.2,Normal,NULL,0,NULL,120,Full
1097,K,18,l2,None,0.8,1.8,1.2,Normal,NULL,0,NULL,120,Full
1098,K,19,l2,None,0.8,1.8,1.2,Normal,11473,40,NULL,500,Full
1099,K,20,l2,None,0.8,1.8,1.2,Normal,11611,108,NULL,108,Full
1100,K,21,l2,None,0.8,1.8,1.2,Normal,NULL,0,NULL,440,Full
1101,K,22,l2,None,0.8,1.8,1.2,Normal,NULL,0,NULL,440,Full
1102,K,23,l2,None,0.8,1.5,1.2,Normal,11923,200,NULL,600,Full
1103,K,24,l2,None,0.8,1.8,1.2,Normal,NULL,0,NULL,560,Full
1104,K,25,l2,None,0.8,1.8,1.2,Normal,11923,320,NULL,560,Full
1105,K,26,l2,None,0.8,1.8,1.2,Normal,11611,108,NULL,108,Full
1106,K,27,l2,None,0.8,1.8,1.2,Normal,NULL,0,NULL,120,Full
1107,L,1,l2,None,0.8,1.4,1.2,CONS,NULL,0,NULL,500,Full
1108,L,2,l2,None,0.8,1.8,1.2,EOL,11841,60,NULL,120,Full
1109,L,3,l2,None,0.8,1.8,1.2,EOL,11574,200,NULL,360,Full
1110,L,4,l2,None,0.8,1.8,1.2,CONS,NULL,0,NULL,120,Full
1111,L,5,l2,None,0.8,1.8,1.2,CONS,NULL,0,NULL,120,Full
1112,L,6,l2,None,0.8,1.8,1.2,CONS,NULL,0,NULL,120,Full
1113,L,7,l2,None,0.8,1.8,1.2,CONS,NULL,0,NULL,150,Full
1114,L,8,l2,None,0.8,1.8,1.2,CONS,NULL,0,NULL,150,Full
1115,L,9,l2,None,0.8,1.5,1.2,CONS,NULL,0,NULL,0,Full
1116,L,10,l2,None,0.8,1.8,1.2,EOL,-9999,0,-9999,460,Full
1117,L,11,l2,None,0.8,1.8,1.2,EOL,NULL,0,NULL,120,Full
1118,L,12,l2,None,0.8,1.8,1.2,,NULL,0,NULL,460,Full
1119,L,13,l2,None,0.8,1.8,1.2,EOL,NULL,0,NULL,150,Full
1120,L,14,l2,None,0.8,1.8,1.2,CONS,NULL,0,NULL,150,Full
1121,L,15,l2,None,0.8,1.8,1.2,EOL,NULL,0,NULL,150,Full
1122,L,16,l2,None,0.8,1.8,1.2,EOL,NULL,0,NULL,0,Full
1123,L,17,l2,None,0.8,1.5,1.2,EOL,11601,150,NULL,0,Full
1124,L,18,l2,None,0.8,1.8,1.2,CONS,NULL,0,NULL,120,Full
1125,L,19,l2,None,0.8,1.8,1.2,CONS,NULL,0,NULL,108,Full
1126,L,20,l2,None,0.8,1.8,1.2,CONS,NULL,0,NULL,108,Full
1127,L,21,l2,None,0.8,1.8,1.2,EOL,NULL,0,NULL,108,Full
1128,L,22,l2,None,0.8,1.8,1.2,EOL,NULL,0,NULL,0,Full
1129,L,23,l2,None,0.8,1.8,1.2,EOL,11776,120,NULL,440,Full
1130,L,24,l2,None,0.8,1.8,1.2,EOL,NULL,0,NULL,108,Full
1131,L,25,l2,None,0.8,1.5,1.2,EOL,NULL,0,NULL,252,Full
1132,L,26,l2,None,0.8,1.8,1.2,EOL,NULL,0,NULL,252,Full
1133,L,27,l2,None,0.8,1.8,1.2,EOL,NULL,0,NULL,108,Full
1134,L,28,l2,None,0.8,1.8,1.2,EOL,11606,180,NULL,108,Full
1135,L,29,l2,None,0.8,1.8,1.2,EOL,NULL,0,NULL,440,Full
1136,L,30,l2,None,0.8,1.8,1.2,EOL,11840,70,NULL,350,Full
1137,L,31,l2,None,0.8,1.5,1.2,EOL,NULL,0,NULL,150,Full
1138,L,32,l2,None,0.8,1.8,1.2,EOL,NULL,0,NULL,960,Full
1139,L,33,l2,None,0.8,1.8,1.2,EOL,NULL,0,NULL,240,Full
1140,A,0,l0,None,0.8,1.8,1.2,Normal,11637,150,NULL,150,Full
1141,B,31,l0,None,0.8,1.8,1.2,Normal,11502,290,-9999,150,Full
1142,C,31,l0,None,0.8,1.8,1.2,Normal,-9999,0,-9999,600,Full
1143,C,32,l0,None,0.8,1.8,1.2,Normal,-9999,0,-9999,108,Full
1144,F,26,l0,None,0.8,1.8,1.2,Normal,NULL,0,NULL,120,Full
1145,I,25,l0,None,0.8,1.8,1.2,Normal,NULL,0,NULL,120,Full
1146,J,28,l0,None,0.8,1.8,1.2,Normal,NULL,0,NULL,150,Full
1147,K,28,l0,None,0.8,1.8,1.2,Normal,NULL,0,NULL,600,Full
1148,K,29,l0,None,0.8,1.8,1.2,Normal,NULL,0,NULL,600,Full
1149,L,0,l0,None,0.8,1.8,1.2,CEZ/TEMP,NULL,0,NULL,120,Full
1150,L,-1,l0,None,0.8,1.8,1.2,CEZ/TEMP,NULL,0,NULL,440,Full
1151,L,-2,l0,None,0.8,1.8,1.2,CEZ/TEMP,NULL,0,NULL,500,Full
1152,A,0,l1,None,0.8,1.8,1.2,Normal,11418,160,NULL,320,Full
1153,B,31,l1,None,0.8,1.8,1.2,Normal,NULL,0,NULL,400,Full
1154,C,31,l1,None,0.8,1.8,1.2,Normal,11914,90,NULL,400,Full
1155,C,32,l1,None,0.8,1.8,1.2,Normal,11959,340,NULL,120,Full
1156,F,26,l1,None,0.8,1.8,1.2,Normal,NULL,0,NULL,560,Full
1157,I,25,l1,None,0.8,1.8,1.2,Normal,NULL,0,NULL,600,Full
1158,J,28,l1,None,0.8,1.8,1.2,Normal,11631,40,NULL,120,Full
1159,K,28,l1,None,0.8,1.8,1.2,Normal,11455,160,NULL,280,Full
1160,K,29,l1,None,0.8,1.8,1.2,Normal,11950,100,NULL,120,Full
1161,L,0,l1,None,0.8,1.8,1.2,Normal,NULL,0,NULL,600,Full
1162,L,-1,l1,None,0.8,1.8,1.2,Normal,11833,140,NULL,120,Full
1163,L,-2,l1,None,0.8,1.8,1.2,Normal,NULL,0,NULL,600,Full
1164,A,0,l2,None,0.8,1.8,1.2,Normal,10971,180,NULL,440,Full
1165,B,31,l2,None,0.8,1.8,1.2,Normal,11967,150,NULL,320,Full
1166,C,31,l2,None,0.8,1.8,1.2,Normal,11609,600,NULL,144,Full
1167,C,32,l2,None,0.8,1.8,1.2,Normal,12174,72,NULL,144,Full
1168,F,26,l2,None,0.8,1.4,1.2,Normal,11945,80,NULL,640,Full
1169,I,25,l2,None,0.8,1.8,1.2,Normal,11167,640,NULL,600,Full
1170,J,28,l2,None,0.8,1.8,1.2,Normal,11907,500,NULL,120,Full
1171,K,28,l2,None,0.8,1.8,1.2,Normal,11611,108,NULL,108,Full
1172,K,29,l2,None,0.8,1.8,1.2,Normal,NULL,0,NULL,320,Full
1173,L,0,l2,None,0.8,1.8,1.2,CONS,NULL,0,NULL,400,Full
1174,L,-1,l2,None,0.8,1.8,1.2,CONS,NULL,0,NULL,120,Full
1175,L,-2,l2,None,0.8,1.8,1.2,CONS,11321,90,NULL,600,Full
418,J,6,l0,None,0.8,1.8,1.2,Normal,-9999,0,-9999,200,Full
525,A,26,l1,None,0.8,1.8,1.2,Normal,11802,120,NULL,144,Full
631,E,18,l1,None,0.8,1.8,1.2,Normal,NULL,0,NULL,120,Full
1176,L,25,l0,RU,0.4,0.8,1.2,EOL,11424,4,11424,40,6er
1177,L,25,l0,LD,0.4,0.8,1.2,EOL,-9999,0,-9999,0,6er
1178,L,25,l0,RD,0.4,0.8,1.2,EOL,-9999,0,-9999,0,6er
1179,L,26,l0,RU,0.4,0.8,1.2,EOL,11731,0,11731,50,6er
1180,L,26,l0,LD,0.4,0.8,1.2,EOL,11791,5,11791,60,6er
1181,L,26,l0,RD,0.4,0.8,1.2,EOL,-9999,0,-9999,0,6er
1182,L,27,l0,RU,0.4,0.8,1.2,EOL,-9999,0,-9999,0,6er
1183,L,27,l0,LD,0.4,0.8,1.2,EOL,11743,9,11743,60,6er
1184,L,27,l0,RD,0.4,0.8,1.2,EOL,NULL,0,NULL,NULL,6er
1185,L,28,l0,RU,0.4,0.8,1.2,EOL,11790,4,11790,60,Quarter
1186,L,28,l0,LD,0.4,0.8,1.2,,11581,0,11581,60,Quarter
1187,L,28,l0,RD,0.4,0.8,1.2,EOL,11256,0,11256,60,Quarter
1188,L,29,l0,RU,0.4,0.8,1.2,EOL,11704,9,11704,40,Quarter
1189,L,29,l0,LD,0.4,0.8,1.2,EOL,11778,9,11778,60,Quarter
1190,L,29,l0,RD,0.4,0.8,1.2,EOL,11841,27,11841,30,Quarter
1191,L,30,l0,RU,0.4,0.8,1.2,EOL,-9999,0,-9999,0,Quarter
1192,L,30,l0,LD,0.4,0.8,1.2,EOL,11639,8,11639,60,Quarter
1193,L,30,l0,RD,0.4,0.8,1.2,EOL,11351,16,11351,60,Quarter
1194,L,31,l0,RU,0.4,0.8,1.2,EOL,11733,0,11733,50,Quarter
1195,L,31,l0,LD,0.4,0.8,1.2,EOL,11583,10,11583,60,Quarter
1196,L,31,l0,RD,0.4,0.8,1.2,EOL,11638,0,11638,60,Quarter
1197,L,32,l0,RU,0.4,0.8,1.2,EOL,11606,22,11606,40,Quarter
1198,L,32,l0,LD,0.4,0.8,1.2,EOL,11776,33,11776,60,Quarter
1199,L,32,l0,RD,0.4,0.8,1.2,EOL,11604,2,11604,60,Quarter
1200,L,33,l0,RU,0.4,0.8,1.2,EOL,11416,54,11416,40,Quarter
1201,L,33,l0,LD,0.4,0.8,1.2,EOL,11830,9,11830,40,Quarter
1202,L,33,l0,RD,0.4,0.8,1.2,EOL,11742,1,11742,60,Quarter
1203,L,25,l0,MU,0.4,0.8,1.2,EOL,-9999,0,-9999,0,6er
1204,L,26,l0,MU,0.4,0.8,1.2,EOL,-9999,0,-9999,0,6er
1205,L,27,l0,MU,0.4,0.8,1.2,EOL,-9999,0,-9999,0,6er
1206,L,25,l0,MD,0.4,0.8,1.2,EOL,11734,1,11734,50,6er
1207,L,26,l0,MD,0.4,0.8,1.2,EOL,-9999,0,-9999,0,6er
1208,L,27,l0,MD,0.4,0.8,1.2,EOL,-9999,0,-9999,0,6er
